KG id,KG name,Sparql endpoint,SPARQL endpoint URL,Availability of RDF dump (metadata),Availability of RDF dump (query),URL for download the dataset,Age of data,Modification date,Time elapsed since last modification,Languages (query),Languages (metadata),Serialization formats,Availability for download (query),Availability for download (metadata),Use HTTPS,Requires authentication,Average length of URIs (subject),Average length of URIs (predicate),Average length of URIs (object),Use RDF structures,License machine redeable (metadata),License machine redeable (query),License human redeable,Median latency,Median throughput, Number of triples (metadata),Number of triples (query),Number of entities,Number of entities counted with regex,Number of property,Dataset update frequency,Degree of connection,Clustering coefficient,Centrality,Number of samAs chains,PageRank,Description,Dataset URL,Is on a trusted provider list,Trust value,Vocabularies,Author (query),Author (metadata),Contributor,Publisher,Sources,Signed,Interlinking completeness,New vocabularies defined in the dataset,New terms defined in the dataset,Number of labels/comments present on the data,Regex uri,Presence of example,Number of blank nodes,Deprecated classes/properties used,Entities as member of disjoint class,Triples with misplaced property problem,Triples with misplaced class problem,Ontology Hijacking problem,Undefined class used without declaration,Undefined properties used without declaration,Extensional conciseness,Intensional conciseness,Triples with empty annotation problem,Triples with white space in annotation(at the beginning or at the end),Triples with malformed data type literals problem,Functional properties with inconsistent values,Invalid usage of inverse-functional properties,Score,Normalized score,URIs Deferenceability,Availability score,Licensing score,Interlinking score,Performance score,Accuracy score,Consistency score,Conciseness score,Verifiability score,Reputation score,Believability score,Currency score,Timeliness score,Completeness score,Amount of data score,Interoperability score,Representational-Conciseness score,Understandability score,Interpretability score,Versatility score,Security score,SKOS mapping properties,metadata-media-type,Availability of a common accepted Media Type,F1-M Unique and persistent ID,F1-D URIs dereferenceability,F2a-M - Metadata availability via standard primary sources,F2b-M Metadata availability for all the attributes covered in the FAIR score computation,F3-M Data referrable via a DOI,F4-M Metadata registered in a searchable engine,F score,A1-D Working access point(s),A1-M Metadata availability via working primary sources,A1.2 Authentication & HTTPS support,A2-M Registered in search engines,A score,R1.1 Machine- or human-readable license retrievable via any primary source,R1.2 Publisher information such as authors-contributors-publishers and sources,R1.3-D Data organized in a standardized way,R1.3-M Metadata are described with VoID/DCAT predicates,R score,I1-D Standard & open representation format,I1-M Metadata are described with VoID/DCAT predicates,I2 Use of FAIR vocabularies,I3-D Degree of connection,I score,FAIR score
allie-abbreviation-and-long-form-database-in-life-science,Allie Abbreviation And Long Form Database in Life Science,Available,http://data.allie.dbcls.jp/sparql,1,False,[],2011-08-01,False,-,-,absent,['text'],False,1,True,False,"40,700125 (out of 1000000 triples considered)","49,50738916256157 (out of 203 triples considered)","54,878787878787875 (out of 999999 triples considered)",True,http://www.opendefinition.org/licenses/cc-by,http://creativecommons.org/licenses/by/2.1/jp/,True,"0,543","2,0",94420988,303138986,-,-,181,['Monthly'],1,0,"0,000",113471,"8,993982547229391e-05","A database of abbreviations and long forms utilized in Lifesciences. It provides a solution to the issue that many abbreviations are used in the literature, and polysemous or synonymous abbreviations appear frequently, making it difficult to read and understand scientific papers that are not relevant to the reader's expertise. Allie contains abbreviations and their corresponding long forms extracted from titles and abstracts in the entire MEDLINE®, a database of the U.S. National Library of Medicine. MEDLINE stores over 20 million bibliographic information in life science and is suitable for extracting domain specific abbreviations and their long forms appearing in actual literature.",http://allie.dbcls.jp/,False,"0,75","['http://www.w3.org/2002/07/owl#', 'http://purl.org/allie/ontology/201108#']",[],False,[],['http://uri.dbcls.rois.ac.jp/'],Web:http://allie.dbcls.jp/ Name:Database Center for Life Science Email:info AT dbcls.rois.ac.jp,False,0.00,['http://purl.org/allie/ontology/201108#'],"['http://www.openlinksw.com/schemas/virtrdf#QuadMapFormat', 'http://www.openlinksw.com/schemas/virtrdf#QuadStorage', 'http://www.openlinksw.com/schemas/virtrdf#array-of-QuadMap', 'http://www.openlinksw.com/schemas/virtrdf#QuadMap', 'http://www.openlinksw.com/schemas/virtrdf#array-of-QuadMapFormat', 'http://www.openlinksw.com/schemas/virtrdf#QuadMapValue', 'http://www.openlinksw.com/schemas/virtrdf#array-of-QuadMapATable', 'http://www.openlinksw.com/schemas/virtrdf#array-of-QuadMapColumn', 'http://www.openlinksw.com/schemas/virtrdf#QuadMapColumn', 'http://www.openlinksw.com/schemas/virtrdf#QuadMapFText', 'http://www.openlinksw.com/schemas/virtrdf#QuadMapATable', 'http://www.openlinksw.com/schemas/virtrdf#array-of-string', 'http://purl.org/goodrelations/v1#ActualProductOrServicesInstance', 'http://purl.org/goodrelations/v1#ProductOrServiceSomeInstancePlaceholder', 'http://www.ebusiness-unibw.org/ontologies/eclass/5.1.4/#C_AKJ315005-tax', 'http://purl.org/goodrelations/v1#Manufacturer', 'http://www.ebusiness-unibw.org/ontologies/eclass/5.1.4/#C_AAB316003-tax', 'http://www.ebusiness-unibw.org/ontologies/eclass/5.1.4/#C_AKE112003-tax', 'http://www.openlinksw.com/schemas/VSPX#', 'http://purl.org/allie/ontology/201108#LongForm', 'http://purl.org/allie/ontology/201108#ShortForm', 'http://purl.org/allie/ontology/201108#EachPair', 'http://purl.org/allie/ontology/201108#ResearchArea', 'http://purl.org/allie/ontology/201108#PubMedID', 'http://www.w3.org/2001/vcard-rdf/3.0#work', 'http://www.w3.org/2001/vcard-rdf/3.0#voice', 'http://www.w3.org/2001/vcard-rdf/3.0#internet', 'http://purl.org/allie/ontology/201108#PairCluster', 'http://purl.org/allie/ontology/201108#PairList', 'http://purl.org/allie/ontology/201108#CooccurringShortFormList', 'http://purl.org/allie/ontology/201108#PubMedIDList']",6528405,[],True,213686670,1.0,-,1.0,1.0,True,1.0,0.9999996272336941,0.987783 (out of 1000000 triples considered),0.9944444444444445 (out of 180 triples considered),1.0,0.999998,1.0,1.0,1.0,0.565,56.488,0.8738,0.71845,1.0,0.0001774466580817,0.505,0.9999996,0.4,0.9911137222222222,0.4983333333333333,8.993982547229391e-06,0.75,0.5,1.0,0.0,0.6666666666666666,0.2181818181818182,0.5039781463469407,0.2553840031318176,0.623655531582071,0.6666666666666666,1.0,155484,"['index/ftp', 'api/sparql', 'gzip:ntriples', 'meta/void']",True,1,0.8738,1,1.0,1,1,0.98,1.0,1,1.0,1,1.0,1,1,1,1,1.0,1,1,0.5,1,0.88,3.86
bbc-programmes,BBC Programmes,-,http://api.talis.com/stores/bbc-backstage/services/sparql,1,-,[],-,-,-,-,{},-,-,1,-,-,-,-,-,-,http://www.opendefinition.org/licenses/cc-by,-,-,-,-,60000000,-,-,-,-,-,8,"0,357","0,003",-,"0,00019255655796365347",TV & Radio programme broadcasted by the BBC,http://www.bbc.co.uk/programmes,False,"0,75",-,-,False,-,-,Web:http://www.bbc.co.uk/programmes Name:Tom Scott Email:http://derivadow.com,-,0.00,-,-,-,-,True,-,-,-,-,-,-,-,-,-,-,-,-,-,-,-,0.112,11.242,-,0.25,0.5,0.0,0.0,0.0,0.0,0.0,0.165,1.9255655796365347e-05,0.75,0.0,0.0,0.0,0.3333333333333333,0.0,0.0,0.25,0.0,0.0,0.0,-,"['meta/rdf-schema', 'api/sparql', 'meta/rdf-schema']",False,1,0.0,1,0.89,1,1,0.82,1.0,1,0.0,1,0.75,1,1,1,1,1.0,1,1,0.0,1,0.75,3.32
bpr,BPR ? Bibliography of the Italian Parliament and electoral studies,Available,http://dati.camera.it/sparql,1,False,"['http://dati.camera.it/ocd/dump/bpr-files.rdf.zip', 'http://dati.camera.it/ocd/dump/Authors.rdf.zip', 'http://dati.camera.it/ocd/dump/atto-17.rdf.zip', 'http://dati.camera.it/ocd/dump/governo.rdf.zip', 'http://dati.camera.it/ocd/dump/legislatura.rdf.zip', 'http://dati.camera.it/ocd/dump/luogo.rdf.zip', 'http://dati.camera.it/ocd/dump/mandatoSenato.rdf.zip', 'http://dati.camera.it/ocd/dump/membroGoverno.rdf.zip', 'http://dati.camera.it/ocd/dump/natura.rdf.zip', 'http://dati.camera.it/ocd/dump/organoGoverno.rdf.zip', 'http://dati.camera.it/ocd/dump/persona.rdf.zip', 'http://dati.camera.it/ocd/dump/senatore.rdf.zip', 'http://dati.camera.it/ocd/dump/sistemaElettorale.rdf.zip', 'http://dati.camera.it/ocd/dump/bpr-skos.rdf.zip', 'https://www.camera.it/temiap/d/leg17/ac0270', 'http://dati.camera.it/ocd/dump/Articoli.rdf.zip', 'http://dati.camera.it/ocd/dump/Books.rdf.zip', 'http://dati.camera.it/ocd/dump/Periodicals.rdf.zip', 'http://dati.camera.it/ocd/dump/Spogli.rdf.zip', 'http://dati.camera.it/ocd/dump/aic-10.rdf.zip', 'http://dati.camera.it/ocd/dump/aic-11.rdf.zip', 'http://dati.camera.it/ocd/dump/aic-12.rdf.zip', 'http://dati.camera.it/ocd/dump/aic-13.rdf.zip', 'http://dati.camera.it/ocd/dump/aic-14.rdf.zip', 'http://dati.camera.it/ocd/dump/aic-15.rdf.zip', 'http://dati.camera.it/ocd/dump/aic-16.rdf.zip', 'http://dati.camera.it/ocd/dump/aic-17.rdf.zip', 'http://dati.camera.it/ocd/dump/aic-18.rdf.zip', 'http://dati.camera.it/ocd/dump/aic-19.rdf.zip', 'http://dati.camera.it/ocd/dump/allegatoDiscussione-19.rdf.zip', 'http://dati.camera.it/ocd/dump/assegnazione-19.rdf.zip', 'http://dati.camera.it/ocd/dump/assegnazione.rdf.zip', 'http://dati.camera.it/ocd/dump/assemblea-19.rdf.zip', 'http://dati.camera.it/ocd/dump/assemblea.rdf.zip', 'http://dati.camera.it/ocd/dump/atto-01.rdf.zip', 'http://dati.camera.it/ocd/dump/atto-02.rdf.zip', 'http://dati.camera.it/ocd/dump/atto-03.rdf.zip', 'http://dati.camera.it/ocd/dump/atto-04.rdf.zip', 'http://dati.camera.it/ocd/dump/atto-05.rdf.zip', 'http://dati.camera.it/ocd/dump/atto-06.rdf.zip', 'http://dati.camera.it/ocd/dump/atto-07.rdf.zip', 'http://dati.camera.it/ocd/dump/atto-08.rdf.zip', 'http://dati.camera.it/ocd/dump/atto-09.rdf.zip', 'http://dati.camera.it/ocd/dump/atto-10.rdf.zip', 'http://dati.camera.it/ocd/dump/atto-11.rdf.zip', 'http://dati.camera.it/ocd/dump/atto-12.rdf.zip', 'http://dati.camera.it/ocd/dump/atto-13.rdf.zip', 'http://dati.camera.it/ocd/dump/atto-14.rdf.zip', 'http://dati.camera.it/ocd/dump/atto-15.rdf.zip', 'http://dati.camera.it/ocd/dump/atto-16.rdf.zip', 'http://dati.camera.it/ocd/dump/atto-18.rdf.zip', 'http://dati.camera.it/ocd/dump/atto-19.rdf.zip', 'http://dati.camera.it/ocd/dump/atto.rdf.zip', 'http://dati.camera.it/ocd/dump/bollettino-19.rdf.zip', 'http://dati.camera.it/ocd/dump/bollettino.rdf.zip', 'http://dati.camera.it/ocd/dump/componenteGruppoMisto-19.rdf.zip', 'http://dati.camera.it/ocd/dump/componenteGruppoMisto.rdf.zip', 'http://dati.camera.it/ocd/dump/cronologia.rdf.zip', 'http://dati.camera.it/ocd/dump/deputato-19.rdf.zip', 'http://dati.camera.it/ocd/dump/deputato.rdf.zip', 'http://dati.camera.it/ocd/dump/dibattito-19.rdf.zip', 'http://dati.camera.it/ocd/dump/dibattito.rdf.zip', 'http://dati.camera.it/ocd/dump/doc-19.rdf.zip', 'http://dati.camera.it/ocd/dump/doc.rdf.zip', 'http://dati.camera.it/ocd/dump/elezione-19.rdf.zip', 'http://dati.camera.it/ocd/dump/elezione.rdf.zip', 'http://dati.camera.it/ocd/dump/gruppoParlamentare-19.rdf.zip', 'http://dati.camera.it/ocd/dump/gruppoParlamentare.rdf.zip', 'http://dati.camera.it/ocd/dump/incarico-19.rdf.zip', 'http://dati.camera.it/ocd/dump/incarico.rdf.zip', 'http://dati.camera.it/ocd/dump/intervento-19.rdf.zip', 'http://dati.camera.it/ocd/dump/intervento.rdf.zip', 'http://dati.camera.it/ocd/dump/legge-19.rdf.zip', 'http://dati.camera.it/ocd/dump/legge.rdf.zip', 'http://dati.camera.it/ocd/dump/mandatoCamera-19.rdf.zip', 'http://dati.camera.it/ocd/dump/mandatoCamera.rdf.zip', 'http://dati.camera.it/ocd/dump/organo-19.rdf.zip', 'http://dati.camera.it/ocd/dump/organo.rdf.zip', 'http://dati.camera.it/ocd/dump/parere-19.rdf.zip', 'http://dati.camera.it/ocd/dump/parere.rdf.zip', 'http://dati.camera.it/ocd/dump/presidenteCamera.rdf.zip', 'http://dati.camera.it/ocd/dump/presidenteConsiglioMinistri.rdf.zip', 'http://dati.camera.it/ocd/dump/presidenteRepubblica.rdf.zip', 'http://dati.camera.it/ocd/dump/relatore-19.rdf.zip', 'http://dati.camera.it/ocd/dump/relatore.rdf.zip', 'http://dati.camera.it/ocd/dump/seduta-19.rdf.zip', 'http://dati.camera.it/ocd/dump/seduta.rdf.zip', 'http://dati.camera.it/ocd/dump/statoIter-19.rdf.zip', 'http://dati.camera.it/ocd/dump/statoIter.rdf.zip', 'http://dati.camera.it/ocd/dump/trasmissione-19.rdf.zip', 'http://dati.camera.it/ocd/dump/trasmissione.rdf.zip', 'http://dati.camera.it/ocd/dump/ufficioParlamentare-19.rdf.zip', 'http://dati.camera.it/ocd/dump/ufficioParlamentare.rdf.zip', 'http://dati.camera.it/ocd/dump/versioneTestoAtto-19.rdf.zip', 'http://dati.camera.it/ocd/dump/versioneTestoAtto.rdf.zip', 'http://dati.camera.it/ocd/dump/votazione-19-2022.rdf.zip', 'http://dati.camera.it/ocd/dump/votazione-19-2023.rdf.zip', 'http://dati.camera.it/ocd/dump/votazione-19.rdf.zip', 'http://dati.camera.it/ocd/dump/votazione.rdf.zip', 'http://dati.camera.it/ocd/dump/voto13.rdf.zip', 'http://dati.camera.it/ocd/dump/voto14.rdf.zip', 'http://dati.camera.it/ocd/dump/voto15.rdf.zip', 'http://dati.camera.it/ocd/dump/voto16.rdf.zip', 'http://dati.camera.it/ocd/dump/voto17.rdf.zip', 'https://dati.camera.it/ocd/dump/ac3-2006A.csv.zip', 'https://dati.camera.it/ocd/dump/ac3-2006B.csv.zip', 'https://dati.camera.it/ocd/dump/ac3-2006C.csv.zip', 'https://dati.camera.it/ocd/dump/ac3-2008A.csv.zip', 'https://dati.camera.it/ocd/dump/ac3-2008B.csv.zip', 'https://dati.camera.it/ocd/dump/ac3-2008C.csv.zip', 'https://dati.camera.it/ocd/dump/ac3-2013A.csv.zip', 'https://dati.camera.it/ocd/dump/ac3-2013B.csv.zip', 'https://dati.camera.it/ocd/dump/ac3-2013C.csv.zip', 'https://dati.camera.it/ocd/dump/ac3-abb-statistiche.rtf', 'https://dati.camera.it/ocd/dump/collegi/11_marche.csv.zip', 'https://dati.camera.it/ocd/dump/collegi/12_lazio.csv.zip', 'https://dati.camera.it/ocd/dump/collegi/13_abruzzo.csv.zip', 'https://dati.camera.it/ocd/dump/collegi/15_campania.csv.zip', 'https://dati.camera.it/ocd/dump/collegi/16_puglia.csv.zip', 'https://dati.camera.it/ocd/dump/collegi/18_calabria.csv.zip', 'https://dati.camera.it/ocd/dump/collegi/19_sicilia.csv.zip', 'https://dati.camera.it/ocd/dump/collegi/1_piemonte.csv.zip', 'https://dati.camera.it/ocd/dump/collegi/20_sardegna.csv.zip', 'https://dati.camera.it/ocd/dump/collegi/3_lombardia.csv.zip', 'https://dati.camera.it/ocd/dump/collegi/4_taa.csv.zip', 'https://dati.camera.it/ocd/dump/collegi/5_veneto.csv.zip', 'https://dati.camera.it/ocd/dump/collegi/6_friuliVG.csv.zip', 'https://dati.camera.it/ocd/dump/collegi/7_liguria.csv.zip', 'https://dati.camera.it/ocd/dump/collegi/8_EmiliaRomagna.csv.zip', 'https://dati.camera.it/ocd/dump/collegi/9_toscana.csv.zip', 'https://dati.camera.it/ocd/dump/silos/PIS10RapportoCSV24052016.zip', 'https://dati.camera.it/ocd/dump/silos/PISRapporto2016CSV08032017.zip', 'https://dati.camera.it/ocd/dump/silos/PISRapportoCSV2018.zip', 'https://dati.camera.it/ocd/dump/silos/PISRapportoCSV2019.zip', 'https://dati.camera.it/ocd/dump/silos/PISRapportoCSV2020.zip', 'https://dati.camera.it/ocd/dump/silos/PISRapportoCSV2021.zip', 'https://dati.camera.it/ocd/dump/silos/PISRapportoCSV2022.zip', 'https://dati.camera.it/ocd/dump/silos/silos.csv.zip', 'https://dati.camera.it/ocd/dump/silos/silos.txt', 'https://dati.camera.it/ocd/dump/silos/silos2016.txt', 'https://dati.camera.it/ocd/dump/silos/silos2017.txt', 'https://dati.camera.it/ocd/dump/silos/silos2019.txt', 'https://dati.camera.it/ocd/dump/silos/silos2020.txt', 'https://dati.camera.it/ocd/dump/silos/silos2021.txt', 'https://dati.camera.it/ocd/dump/silos/silos2022.txt', 'https://dati.camera.it/ocd/dump/silos/silosIX.csv.zip', 'https://dati.camera.it/ocd/dump/silos/silosIX.txt']",476,2024-02-08,483,False,{},[],False,1,True,False,"47,668 (out of 10000 triples considered)","43,7742782152231 (out of 381 triples considered)","63,909738717339664 (out of 9999 triples considered)",True,http://www.opendefinition.org/licenses/cc-by-sa,https://creativecommons.org/licenses/by/3.0/deed.it,False,"0,449","3,0",366800,,-,-,False,[],1,0,"0,000",False,"7,518489241331637e-05","**dati.camera.it - Linked Open Data della Camera dei deputati**  
**The BPR - Bibliografia del Parlamento italiano e degli studi elettorali**  (Bibliography of the Italian Parliament and Electoral Studies) is a database of bibliographic references of books and articles in periodical journals addressing the history of the Italian Parliament and the history of elections. In particular the BPR provides references to studies on:  

* the Italian Parliament, from the concession of the Statuto Albertino (Albertine Statute) in 1848, the National Consultative Assembly and the Constituent Assembly;
* elections (laws, procedures, results), with reference to general elections as from 1848.  

The BPR addresses primarily studies in law, plus studies in political science, organisational science, political sociology, as well as related historiographical literature. In 2002 the BPR started reporting documents posted on the leading juridical websites.  
Each bibliographic reference is assigned one or more classification codes, which are taken from a directory of over 100 classifications organized into seven major fields.  
The BPR is also a digital library updated non-stop. By using documents in the public domain or available thanks to agreements with private publishers, it provides a selection of full-text documents (monographs, judgements, articles from periodicals, contributions to miscellaneous works) attached to the bibliographic reference.",absent,False,"0,5",[],[],False,[],[],Web:absent Name:Library of the Italian Chamber of Deputies Email:bib_segreteria@camera.it,False,insufficient data,[],"['http://www.openlinksw.com/schemas/virtrdf#QuadMapFormat', 'http://www.openlinksw.com/schemas/virtrdf#QuadStorage', 'http://www.openlinksw.com/schemas/virtrdf#array-of-QuadMapFormat', 'http://www.openlinksw.com/schemas/virtrdf#QuadMap', 'http://www.openlinksw.com/schemas/virtrdf#QuadMapValue', 'http://www.openlinksw.com/schemas/virtrdf#array-of-QuadMapColumn', 'http://www.openlinksw.com/schemas/virtrdf#QuadMapColumn', 'http://www.openlinksw.com/schemas/virtrdf#array-of-QuadMapATable', 'http://www.openlinksw.com/schemas/virtrdf#QuadMapATable', 'http://www.openlinksw.com/schemas/virtrdf#QuadMapFText', 'http://www.openlinksw.com/schemas/virtrdf#array-of-string', 'http://www.openlinksw.com/schemas/virtrdf#array-of-QuadMap', 'http://www.w3.org/2002/07/owl#Event', 'http://schema.org/Website', 'http://dati.camera.it/ocd/Deputato', 'http://www.w3.org/2008/05/skos#ConceptScheme', 'http://dati.camera.it/ocd/file', 'http://dati.camera.it/ocd/sessioneLegislatura', 'http://dati.camera.it/ocd/post', 'http://dati.intra.camera.it/ocd/votazione', 'http://culturalis.org/cult/0.1#Collections', 'http://culturalis.org/cult/0.1#HolderOfArchives', 'http://culturalis.org/eac-cpf#Person', 'http://culturalis.org/eac-cpf#CorporateBody', 'http://culturalis.org/eac-cpf#Name', 'http://lod.xdams.org/ontologies/ods/file']",False,[],True,False,1.0,-,insufficient data,insufficient data,True,insufficient data,insufficient data,0.7883 (out of 10000 triples considered),0.9801980198019802 (out of 101 triples considered),1.0,1.0,1.0,-,-,0.401,40.122,0.0,0.5,0.5,0.0,0.505,0.6,0.2990353697749196,0.8842490099009901,0.11,7.518489241331637e-06,0.5,1.0,0.0,0.0,0.6666666666666666,0.8761904761904762,0.0,0.25,0.0,0.3333333333333333,1.0,False,"['api/sparql', 'HTML', 'rdf/void']",False,1,0.0,1,0.89,1,1,0.82,1.0,1,1.0,1,1.0,1,1,1,1,1.0,1,1,0.0,1,0.75,3.57
dblp-kg,dblp Knowledge Graph,Available,https://sparql.dblp.org/sparql,1,False,"['https://doi.org/10.4230/dblp.rdf.ntriples', 'https://dblp.org/rdf/dblp.ttl.gz']",-,False,-,-,absent,[],False,1,False,False,"42,63282492326814 (out of 1000000 triples considered)","41,052083333333336 (out of 96 triples considered)","56,0 (out of 999999 triples considered)",False,http://www.opendefinition.org/licenses/cc-zero,https://creativecommons.org/publicdomain/zero/1.0/,-,"0,172","6,0",0,1439296332,-,-,-,[],[],{},,14575421,,The dblp Knowledge Graph (dblp KG) is a fully semantic view of all the data and relationships found in the dblp computer science bibliography. The dblp KG is synchronized daily with the current and curated data of the dblp bibliography.,https://dblp.org,False,"0,75",[],[],"Name: absent, email: mra@dagstuhl.de",[],[],Web:https://dblp.org Name:Marcel R. Ackermann Email:marcel.ackermann@dagstuhl.de,False,0.00,[],"['https://dblp.org/rdf/schema#AmbiguousCreator', 'https://dblp.org/rdf/schema#Article', 'https://dblp.org/rdf/schema#AuthorSignature', 'https://dblp.org/rdf/schema#Book', 'https://dblp.org/rdf/schema#Conference', 'https://dblp.org/rdf/schema#Creator', 'https://dblp.org/rdf/schema#Data', 'https://dblp.org/rdf/schema#Editorship', 'https://dblp.org/rdf/schema#EditorSignature', 'https://dblp.org/rdf/schema#Group', 'https://dblp.org/rdf/schema#Incollection', 'https://dblp.org/rdf/schema#Informal', 'https://dblp.org/rdf/schema#Inproceedings', 'https://dblp.org/rdf/schema#Journal', 'https://dblp.org/rdf/schema#Person', 'https://dblp.org/rdf/schema#Publication', 'https://dblp.org/rdf/schema#Reference', 'https://dblp.org/rdf/schema#Repository', 'https://dblp.org/rdf/schema#Series', 'https://dblp.org/rdf/schema#Signature', 'https://dblp.org/rdf/schema#Stream', 'https://dblp.org/rdf/schema#VersionRelation', 'https://dblp.org/rdf/schema#Withdrawn']",156756418,,False,268556507,1.0,-,1.0,Unable to retrieve properties from the endpoint,True,0.9993057308784971,0.999999952754691,0.987628 (out of 1000000 triples considered),1.0 (out of 78 triples considered),1.0,1.0,1.0,1.0,1.0,0.407,40.714,0.0,0.5,0.5,0.0020253537337577,1.0,1.0,0.2,0.993814,0.3316666666666666,0.0,0.75,0.0,0.0,0.0,0.3333333333333333,0.6714285714285715,0.5,0.0272279610728557,0.5,0.3333333333333333,0.5,0,"['application/rdf+xml', 'text/html', 'text/html', 'text/html', 'application/n-triples+gzip']",True,1,0.0,1,0.78,1,1,0.8,1.0,1,1.0,1,1.0,1,1,1,1,1.0,1,1,0.0,0,0.5,3.3
environment-agency-bathing-water-quality,Environment Agency Bathing Water Quality,Available,http://environment.data.gov.uk/sparql/bwq/query,1,False,[],-,2025-06-08,-,-,absent,[],False,1,True,False,"89,36995418601418 (out of 1000000 triples considered)","59,408088235294116 (out of 272 triples considered)","109,3607308171092 (out of 1000000 triples considered)",False,http://reference.data.gov.uk/id/open-government-licence,http://reference.data.gov.uk/id/open-government-licence,-,"0,260","4,0",8735962,19263309,-,2809412 (out of 1000000 triples considered),-,[],3,"0,333","0,001",5832,"0,0028041084477168055",Bathing water quality assessment data for England and Wales from the Environment Agency.,http://environment.data.gov.uk/lab,True,"1,0","['http://purl.org/linked-data/cube', 'http://www.w3.org/2006/time', 'http://environment.data.gov.uk/def/bathing-water-quality/', 'http://environment.data.gov.uk/def/bathing-water/', 'http://location.data.gov.uk/def/ef/SamplingPoint/', 'http://www.w3.org/2004/02/skos/core', 'http://www.w3.org/2003/01/geo/wgs84_pos', 'http://data.ordnancesurvey.co.uk/ontology/geometry/', 'http://reference.data.gov.uk/def/reference/', 'http://data.ordnancesurvey.co.uk/ontology/spatialrelations/', 'http://statistics.data.gov.uk/def/administrative-geography/', 'http://data.ordnancesurvey.co.uk/ontology/admingeo/', 'http://location.data.gov.uk/def/common/Geometry/', 'http://rdfs.org/ns/void', 'http://location.data.gov.uk/def/ef/ZoneOfInfluence/', 'http://www.w3.org/ns/org', 'http://reference.data.gov.uk/def/intervals/', 'http://environment.data.gov.uk/def/bwq-cc-2015/', 'http://environment.data.gov.uk/def/bwq-stp/', 'http://environment.data.gov.uk/def/bathing-water-quality', 'http://reference.data.gov.uk/def/intervals', 'http://environment.data.gov.uk/def/bwq-cc-2012', 'http://environment.data.gov.uk/def/bathing-water', 'http://location.data.gov.uk/def/ef/SamplingPoint', 'http://environment.data.gov.uk/def/bwq-cc-2012/', 'http://purl.org/dc/terms/', 'http://www.w3.org/1999/02/22-rdf-syntax-ns', 'http://www.w3.org/2000/01/rdf-schema', 'http://www.w3.org/2004/02/skos/core#', 'http://environment.data.gov.uk/def/bwq-som/', 'http://purl.org/dc/terms', 'http://environment.data.gov.uk/def/version/', 'http://environment.data.gov.uk/def/bathing-water-profile/', 'http://xmlns.com/foaf/0.1/', 'http://location.data.gov.uk/def/ef/BathingWaterProfileFeature/']",[],False,[],['http://reference.data.gov.uk/id/public-body/environment-agency'],Web:http://environment.data.gov.uk/lab Name:Environment Agency Email:Alex.Coley@environment-agency.gov.uk,False,0.02,"['http://environment.data.gov.uk/def/bathing-water-quality/', 'http://environment.data.gov.uk/def/bathing-water/', 'http://location.data.gov.uk/def/ef/SamplingPoint/', 'http://reference.data.gov.uk/def/reference/', 'http://statistics.data.gov.uk/def/administrative-geography/', 'http://location.data.gov.uk/def/common/Geometry/', 'http://rdfs.org/ns/void', 'http://location.data.gov.uk/def/ef/ZoneOfInfluence/', 'http://www.w3.org/ns/org', 'http://environment.data.gov.uk/def/bwq-cc-2015/', 'http://environment.data.gov.uk/def/bwq-stp/', 'http://environment.data.gov.uk/def/bathing-water-quality', 'http://environment.data.gov.uk/def/bwq-cc-2012', 'http://environment.data.gov.uk/def/bathing-water', 'http://location.data.gov.uk/def/ef/SamplingPoint', 'http://environment.data.gov.uk/def/bwq-cc-2012/', 'http://www.w3.org/1999/02/22-rdf-syntax-ns', 'http://www.w3.org/2000/01/rdf-schema', 'http://environment.data.gov.uk/def/bwq-som/', 'http://purl.org/dc/terms', 'http://environment.data.gov.uk/def/version/', 'http://environment.data.gov.uk/def/bathing-water-profile/', 'http://location.data.gov.uk/def/ef/BathingWaterProfileFeature/']","['http://environment.data.gov.uk/def/bwq-som/PollutionIncident', 'http://environment.data.gov.uk/def/bwq-som/IncidentType', 'http://location.data.gov.uk/def/ef/SamplingPoint/SamplingPoint', 'http://environment.data.gov.uk/def/bathing-water/BathingWater', 'http://environment.data.gov.uk/def/bathing-water/CoastalBathingWater', 'http://environment.data.gov.uk/def/bwq-som/SuspensionOfMonitoring', 'http://reference.data.gov.uk/def/reference/URIset', 'http://environment.data.gov.uk/def/bathing-water/SedimentType', 'http://statistics.data.gov.uk/def/administrative-geography/Country', 'http://location.data.gov.uk/def/ef/ZoneOfInfluence/ZoneOfInfluence', 'http://location.data.gov.uk/def/common/Geometry/Envelope', 'http://location.data.gov.uk/def/common/Geometry/Geometry', 'http://environment.data.gov.uk/def/bathing-water-quality/SampleAssessment', 'http://environment.data.gov.uk/def/bathing-water-quality/ComplianceAssessment', 'http://environment.data.gov.uk/def/bathing-water-profile/BathingWaterProfile', 'http://environment.data.gov.uk/def/bathing-water/AppointedSewerageUndertaker', 'http://environment.data.gov.uk/def/bwq-stp/RiskPrediction', 'http://environment.data.gov.uk/def/bathing-water-quality/ComplianceDataset', 'http://environment.data.gov.uk/def/bathing-water-quality/BySamplingPointYearSlice', 'http://environment.data.gov.uk/def/bathing-water-quality/Compliance', 'http://environment.data.gov.uk/def/bathing-water-quality/ComplianceBySamplingPointSlice', 'http://environment.data.gov.uk/def/bathing-water-quality/ComplianceByYearSlice', 'http://environment.data.gov.uk/def/bathing-water-quality/SampleDataset', 'http://environment.data.gov.uk/def/bathing-water-quality/CountQualifier', 'http://environment.data.gov.uk/def/bathing-water-quality/Presence', 'http://environment.data.gov.uk/def/bathing-water-quality/RecordStatus', 'http://reference.data.gov.uk/def/reference/Status', 'http://location.data.gov.uk/def/common/Geometry/Point', 'http://environment.data.gov.uk/def/bathing-water-quality/ComplianceDataSet', 'http://environment.data.gov.uk/def/bathing-water-quality/AssessmentRegime', 'http://environment.data.gov.uk/def/bathing-water-quality/AssessmentQualifier', 'http://environment.data.gov.uk/def/bathing-water-quality/SummaryStatistics', 'http://environment.data.gov.uk/def/bathing-water-profile/StandardLanguageCollection', 'http://environment.data.gov.uk/def/bathing-water-profile/EnduringBathingWaterProfile', 'http://environment.data.gov.uk/def/bathing-water/TransitionalBathingWater', 'http://environment.data.gov.uk/def/bathing-water/LakeBathingWater', 'http://environment.data.gov.uk/def/bwq-stp/RiskPredictionDataSet', 'http://environment.data.gov.uk/def/bwq-stp/RiskLevel', 'http://environment.data.gov.uk/def/bathing-water-quality/BySamplingPointSlice', 'http://environment.data.gov.uk/def/bathing-water-quality/ByWeekSlice', 'http://environment.data.gov.uk/def/bathing-water-quality/ByYearSlice', 'http://environment.data.gov.uk/def/bathing-water-quality/Threshold', 'http://environment.data.gov.uk/def/bathing-water-quality/UpperThreshold', 'http://environment.data.gov.uk/def/dedesignation-reason/DedesignationReasonCode', 'http://environment.data.gov.uk/def/bathing-water-profile/MeasurementType', 'http://environment.data.gov.uk/def/bathing-water/RiverBathingWater', 'http://environment.data.gov.uk/data/bathing-water-quality/LatestSampleSlice', 'http://location.data.gov.uk/def/ef/BathingWaterProfileFeature/Feature', 'http://location.data.gov.uk/def/ef/BathingWaterProfileFeature/ESO', 'http://location.data.gov.uk/def/ef/BathingWaterProfileFeature/EnduringFeature', 'http://location.data.gov.uk/def/ef/BathingWaterProfileFeature/RSI', 'http://location.data.gov.uk/def/ef/BathingWaterProfileFeature/TSO', 'http://location.data.gov.uk/def/ef/BathingWaterProfileFeature/SWO', 'http://location.data.gov.uk/def/ef/BathingWaterProfileFeature/DO', 'http://environment.data.gov.uk/def/bathing-water-quality/StepChange', 'http://environment.data.gov.uk/water-quality/def/sampling-point/SamplingPoint', 'http://location.data.gov.uk/def/ef/BathingWaterProfileFeature/TD', 'http://location.data.gov.uk/def/ef/BathingWaterProfileFeature/S', 'http://location.data.gov.uk/def/ef/BathingWaterProfileFeature/PD']",941195,"-?([1-9][0-9]{3,}|0[0-9]{3})-(0[1-9]|1[0-2])-(0[1-9]|[12][0-9]|3[01])T(([01][0-9]|2[0-3]):[0-5][0-9]:[0-5][0-9](\.[0-9]+)?|(24:00:00(\.0+)?))(Z|(\+|-)((0[0-9]|1[0-3]):[0-5][0-9]|14:00))?",True,200,1.0,-,1.0,Unable to retrieve properties from the endpoint,True,1.0,0.9999913825812585,0.987235 (out of 1000000 triples considered),1.0 (out of 66 triples considered),1.0,0.9999883127300931,0.999947,1.0,1.0,0.455,45.453,1.0,0.75,0.5,6.055034469934526e-05,0.51,0.9999870625460188,0.2,0.9936175,0.4983333333333333,0.0002804108447716,1.0,0.5,0.0,0.02,0.3333333333333333,0.1894736842105263,0.5,0.2622148387147346,0.5,0.3333333333333333,1.0,0,"['meta/void', 'api/sparql', 'text/turtle', 'text/turtle', 'meta/rdf-schema', 'meta/rdf-schema']",True,1,1.0,1,1.0,1,1,1.0,1.0,1,1.0,1,1.0,1,1,1,1,1.0,1,1,0.0857142857142857,1,0.77,3.77
LemmaBank,LiLa Lemma Bank,-,https://lila-erc.eu/sparql/lila_knowledge_base/sparql,1,-,['https://github.com/CIRCSE/LiLa_Lemma-Bank'],-,-,-,-,absent,-,-,1,-,-,-,-,-,-,http://www.opendefinition.org/licenses/cc-by-sa,-,-,-,-,1699687,-,-,-,-,-,21,"0,010","0,008",-,"0,004698682282560934","The Lemma Bank is a collection of approximately 200,000 canonical forms for Latin that is used to interlink the linguistic resources in the LiLa Knowledge Base. The canonical forms are modeled using the Ontolex ontology.",http://lila-erc.eu/data/id/lemma/LemmaBank,False,"0,75",-,-,"Name: absent, email: giovannimoretti@gmail.com",-,-,Web:http://lila-erc.eu/data/id/lemma/LemmaBank Name:Marco Passarotti Email:marco.passarotti@unicatt.it,-,0,-,-,-,-,False,-,-,-,-,-,-,-,-,-,-,-,-,-,-,-,0.121,12.077,-,0.5,0.5,0.0,0.0,0.0,0.0,0.0,0.3316666666666666,0.000469868228256,0.75,0.0,0.0,0.0,0.3333333333333333,0.0,0.0,0.0,0.0,0.0,0.0,-,"['', '']",False,1,0.0,1,0.89,1,1,0.82,1.0,1,0.0,1,0.75,1,1,0,1,0.75,0,1,0.0,1,0.5,2.82
micro-coronavirus,Coronavirus dataset,Available,http://micro.semweb.csdb.cn/sparql,-1,False,[],-,False,-,HTTP Error 504: Gateway Time-out,absent,[],False,-1,False,False,"44,2315 (out of 10000 triples considered)","48,71748878923767 (out of 223 triples considered)","43,061124439344944 (out of 9999 triples considered)",True,http://www.opendefinition.org/licenses/cc-by,http://creativecommons.org/licenses/by/4.0/,True,"0,485","3,0",70870184,80929914,-,-,65,[],2,"1,000","0,001",7412,"0,00015878753901954078","Coronavirus species dataset 6,128 Triples This dataset contains metadata about the species of coronavirus.
Category of coronavirus species dataset 714 Triples This dataset contains the species classification of coronavirus.
Coronavirus strain dataset 7,124,947 Triples This dataset contains metadata about the strains of the coronavirus.
Coronavirus nucleotide dataset 19,707,510 Triples This dataset contains the coronavirus nucleic acid metadata.
Coronavirus gene dataset 18,891,854 Triples This dataset contains metadata about the genes of the coronavirus.
Coronavirus protein dataset 25,018,370 Triples This dataset contains metadata about proteins of the coronavirus.
Coronavirus structure dataset 10,751 Triples This dataset contains metadata about the structure of the coronavirus.
Coronavirus antibody dataset 25,989 Triples This dataset contains metadata for antibodies to the coronavirus.
Coronavirus literature dateset 56,840 Triples This dataset contains published literature related to the coronavirus.
coronavirus patent dataset 14,001 Triples This dataset contains published patents related to the coronavirus.
Dataset of topics in coronavirus literature 24 Triples This dataset contains the classification of research topics in the coronavirus literature.
Medical classification dataset with coronavirus literature 12,516 Triples This dataset contains the medical subject classification of the coronavirus literature.
Coronavirus distributed country dataset 540 Triples This dataset contains the countries where the coronavirus was collected.",http://semweb.csdb.cn/micro,False,"0,75",[],[],"Name: absent, email: hfsophie123@gmail.com",[],[],Web:http://semweb.csdb.cn/micro Name: 范国梅 Email:gmfan@im.ac.cn,False,0.00,[],"['http://www.openlinksw.com/schemas/virtrdf#QuadMap', 'http://www.openlinksw.com/schemas/virtrdf#QuadMapFormat', 'http://www.openlinksw.com/schemas/virtrdf#QuadStorage', 'http://www.openlinksw.com/schemas/virtrdf#array-of-QuadMapFormat', 'http://www.openlinksw.com/schemas/virtrdf#QuadMapValue', 'http://www.openlinksw.com/schemas/virtrdf#array-of-QuadMapColumn', 'http://www.openlinksw.com/schemas/virtrdf#QuadMapColumn', 'http://www.openlinksw.com/schemas/virtrdf#array-of-QuadMapATable', 'http://www.openlinksw.com/schemas/virtrdf#QuadMapATable', 'http://www.openlinksw.com/schemas/virtrdf#QuadMapFText', 'http://www.openlinksw.com/schemas/virtrdf#array-of-string', 'http://www.openlinksw.com/schemas/virtrdf#array-of-QuadMap', 'http://nmdc.cn/ontology/ncov/Structure', 'http://nmdc.cn/ontology/ncov/MeshGroup', 'http://nmdc.cn/ontology/ncov/VirusClass', 'http://nmdc.cn/ontology/ncov/Taxon', 'http://nmdc.cn/ontology/ncov/Sample', 'http://nmdc.cn/ontology/ncov/Antibody', 'http://nmdc.cn/ontology/ncov/Country', 'http://nmdc.cn/ontology/ncov/Gene', 'http://nmdc.cn/ontology/ncov/Literature', 'http://nmdc.cn/ontology/ncov/Person', 'http://nmdc.cn/ontology/ncov/Mesh', 'http://nmdc.cn/ontology/ncov/Nucleotide', 'http://nmdc.cn/ontology/ncov/Patent', 'http://nmdc.cn/ontology/ncov/Protein']",7362083,[],False,8453996,1.0,-,1.0,1.0,True,1.0,0.9999978499915371,0.9884 (out of 10000 triples considered),1.0 (out of 30 triples considered),1.0,1.0,1.0,1.0,1.0,0.461,46.055,0.9586,0.73965,1.0,1.831708359408364e-05,0.505,1.0,0.59652,0.9942,0.3316666666666666,1.5878753901954078e-05,0.75,0.0,0.0,0.0,0.6666666666666666,0.6578947368421053,0.4965644162519994,0.022742156256338,0.9499715414378116,0.0,0.5,0,[],No dump available,1,0.9586,1,0.67,1,1,0.94,1.0,1,1.0,1,1.0,1,1,0,1,0.75,0,1,0.0,1,0.5,3.19
NoiPA,NoiPA,Available,https://sparql-noipa.mef.gov.it/sparql,-1,False,"['https://raw.githubusercontent.com/italia/daf-ontologie-vocabolari-controllati/master/VocabolariControllati/classifications-for-organizations/legal-status/legal-status.csv', 'https://raw.githubusercontent.com/italia/daf-ontologie-vocabolari-controllati/master/VocabolariControllati/classifications-for-organizations/legal-status/legal-status.jsonld', 'https://raw.githubusercontent.com/italia/daf-ontologie-vocabolari-controllati/master/VocabolariControllati/classifications-for-organizations/legal-status/legal-status.ttl', 'https://raw.githubusercontent.com/italia/daf-ontologie-vocabolari-controllati/master/VocabolariControllati/classifications-for-organizations/legal-status/legal-status.rdf', 'https://github.com/italia/daf-ontologie-vocabolari-controllati/raw/master/VocabolariControllati/classifications-for-organizations/legal-status/legal-status.xlsx', 'https://dati-noipa.mef.gov.it/cl/web/open-data/dataset?p_p_id=it_gov_mef_opendata_portlet_NoipaOpendataPortlet_INSTANCE_k0QJbYynlaqN&p_p_lifecycle=2&p_p_state=normal&p_p_mode=view&p_p_cacheability=cacheLevelPage&_it_gov_mef_opendata_portlet_NoipaOpendataPortlet_INSTANCE_k0QJbYynlaqN_anno=2025&_it_gov_mef_opendata_portlet_NoipaOpendataPortlet_INSTANCE_k0QJbYynlaqN_formato=CSV&_it_gov_mef_opendata_portlet_NoipaOpendataPortlet_INSTANCE_k0QJbYynlaqN_mese=04&_it_gov_mef_opendata_portlet_NoipaOpendataPortlet_INSTANCE_k0QJbYynlaqN_id=EntryRitenuteSindacali&_it_gov_mef_opendata_portlet_NoipaOpendataPortlet_INSTANCE_k0QJbYynlaqN_id=EntryRitenuteSindacali&_it_gov_mef_opendata_portlet_NoipaOpendataPortlet_INSTANCE_k0QJbYynlaqN_jspPage=%2Fdettaglio%2FdettaglioDataSet.jsp&', 'https://dati-noipa.mef.gov.it/cl/web/open-data/dataset?p_p_id=it_gov_mef_opendata_portlet_NoipaOpendataPortlet_INSTANCE_k0QJbYynlaqN&p_p_lifecycle=2&p_p_state=normal&p_p_mode=view&p_p_cacheability=cacheLevelPage&_it_gov_mef_opendata_portlet_NoipaOpendataPortlet_INSTANCE_k0QJbYynlaqN_anno=2025&_it_gov_mef_opendata_portlet_NoipaOpendataPortlet_INSTANCE_k0QJbYynlaqN_formato=RDF&_it_gov_mef_opendata_portlet_NoipaOpendataPortlet_INSTANCE_k0QJbYynlaqN_mese=04&_it_gov_mef_opendata_portlet_NoipaOpendataPortlet_INSTANCE_k0QJbYynlaqN_id=EntryRitenuteSindacali&_it_gov_mef_opendata_portlet_NoipaOpendataPortlet_INSTANCE_k0QJbYynlaqN_id=EntryRitenuteSindacali&_it_gov_mef_opendata_portlet_NoipaOpendataPortlet_INSTANCE_k0QJbYynlaqN_jspPage=%2Fdettaglio%2FdettaglioDataSet.jsp&', 'https://dati-noipa.mef.gov.it/cl/web/open-data/dataset?p_p_id=it_gov_mef_opendata_portlet_NoipaOpendataPortlet_INSTANCE_k0QJbYynlaqN&p_p_lifecycle=2&p_p_state=normal&p_p_mode=view&p_p_cacheability=cacheLevelPage&_it_gov_mef_opendata_portlet_NoipaOpendataPortlet_INSTANCE_k0QJbYynlaqN_anno=2025&_it_gov_mef_opendata_portlet_NoipaOpendataPortlet_INSTANCE_k0QJbYynlaqN_formato=CSV&_it_gov_mef_opendata_portlet_NoipaOpendataPortlet_INSTANCE_k0QJbYynlaqN_mese=04&_it_gov_mef_opendata_portlet_NoipaOpendataPortlet_INSTANCE_k0QJbYynlaqN_id=EntryAccreditoStipendi&_it_gov_mef_opendata_portlet_NoipaOpendataPortlet_INSTANCE_k0QJbYynlaqN_id=EntryAccreditoStipendi&_it_gov_mef_opendata_portlet_NoipaOpendataPortlet_INSTANCE_k0QJbYynlaqN_jspPage=%2Fdettaglio%2FdettaglioDataSet.jsp&', 'https://dati-noipa.mef.gov.it/cl/web/open-data/dataset?p_p_id=it_gov_mef_opendata_portlet_NoipaOpendataPortlet_INSTANCE_k0QJbYynlaqN&p_p_lifecycle=2&p_p_state=normal&p_p_mode=view&p_p_cacheability=cacheLevelPage&_it_gov_mef_opendata_portlet_NoipaOpendataPortlet_INSTANCE_k0QJbYynlaqN_anno=2025&_it_gov_mef_opendata_portlet_NoipaOpendataPortlet_INSTANCE_k0QJbYynlaqN_formato=RDF&_it_gov_mef_opendata_portlet_NoipaOpendataPortlet_INSTANCE_k0QJbYynlaqN_mese=04&_it_gov_mef_opendata_portlet_NoipaOpendataPortlet_INSTANCE_k0QJbYynlaqN_id=EntryAccreditoStipendi&_it_gov_mef_opendata_portlet_NoipaOpendataPortlet_INSTANCE_k0QJbYynlaqN_id=EntryAccreditoStipendi&_it_gov_mef_opendata_portlet_NoipaOpendataPortlet_INSTANCE_k0QJbYynlaqN_jspPage=%2Fdettaglio%2FdettaglioDataSet.jsp&', 'https://dati-noipa.mef.gov.it/cl/web/open-data/dataset?p_p_id=it_gov_mef_opendata_portlet_NoipaOpendataPortlet_INSTANCE_k0QJbYynlaqN&p_p_lifecycle=2&p_p_state=normal&p_p_mode=view&p_p_cacheability=cacheLevelPage&_it_gov_mef_opendata_portlet_NoipaOpendataPortlet_INSTANCE_k0QJbYynlaqN_anno=2025&_it_gov_mef_opendata_portlet_NoipaOpendataPortlet_INSTANCE_k0QJbYynlaqN_formato=CSV&_it_gov_mef_opendata_portlet_NoipaOpendataPortlet_INSTANCE_k0QJbYynlaqN_mese=04&_it_gov_mef_opendata_portlet_NoipaOpendataPortlet_INSTANCE_k0QJbYynlaqN_id=EntryAmministrati&_it_gov_mef_opendata_portlet_NoipaOpendataPortlet_INSTANCE_k0QJbYynlaqN_id=EntryAmministrati&_it_gov_mef_opendata_portlet_NoipaOpendataPortlet_INSTANCE_k0QJbYynlaqN_jspPage=%2Fdettaglio%2FdettaglioDataSet.jsp&', 'https://dati-noipa.mef.gov.it/cl/web/open-data/dataset?p_p_id=it_gov_mef_opendata_portlet_NoipaOpendataPortlet_INSTANCE_k0QJbYynlaqN&p_p_lifecycle=2&p_p_state=normal&p_p_mode=view&p_p_cacheability=cacheLevelPage&_it_gov_mef_opendata_portlet_NoipaOpendataPortlet_INSTANCE_k0QJbYynlaqN_anno=2025&_it_gov_mef_opendata_portlet_NoipaOpendataPortlet_INSTANCE_k0QJbYynlaqN_formato=RDF&_it_gov_mef_opendata_portlet_NoipaOpendataPortlet_INSTANCE_k0QJbYynlaqN_mese=04&_it_gov_mef_opendata_portlet_NoipaOpendataPortlet_INSTANCE_k0QJbYynlaqN_id=EntryAmministrati&_it_gov_mef_opendata_portlet_NoipaOpendataPortlet_INSTANCE_k0QJbYynlaqN_id=EntryAmministrati&_it_gov_mef_opendata_portlet_NoipaOpendataPortlet_INSTANCE_k0QJbYynlaqN_jspPage=%2Fdettaglio%2FdettaglioDataSet.jsp&', 'https://dati-noipa.mef.gov.it/cl/web/open-data/dataset?p_p_id=it_gov_mef_opendata_portlet_NoipaOpendataPortlet_INSTANCE_k0QJbYynlaqN&p_p_lifecycle=2&p_p_state=normal&p_p_mode=view&p_p_cacheability=cacheLevelPage&_it_gov_mef_opendata_portlet_NoipaOpendataPortlet_INSTANCE_k0QJbYynlaqN_anno=2022&_it_gov_mef_opendata_portlet_NoipaOpendataPortlet_INSTANCE_k0QJbYynlaqN_formato=CSV&_it_gov_mef_opendata_portlet_NoipaOpendataPortlet_INSTANCE_k0QJbYynlaqN_mese=12&_it_gov_mef_opendata_portlet_NoipaOpendataPortlet_INSTANCE_k0QJbYynlaqN_id=EntryAssegniFamiliari&_it_gov_mef_opendata_portlet_NoipaOpendataPortlet_INSTANCE_k0QJbYynlaqN_id=EntryAssegniFamiliari&_it_gov_mef_opendata_portlet_NoipaOpendataPortlet_INSTANCE_k0QJbYynlaqN_jspPage=%2Fdettaglio%2FdettaglioDataSet.jsp&p_p_lifecycle=1&_it_gov_mef_opendata_portlet_NoipaOpendataPortlet_INSTANCE_k0QJbYynlaqN_javax.portlet.action=getDettaglio', 'https://dati-noipa.mef.gov.it/cl/web/open-data/dataset?p_p_id=it_gov_mef_opendata_portlet_NoipaOpendataPortlet_INSTANCE_k0QJbYynlaqN&p_p_lifecycle=2&p_p_state=normal&p_p_mode=view&p_p_cacheability=cacheLevelPage&_it_gov_mef_opendata_portlet_NoipaOpendataPortlet_INSTANCE_k0QJbYynlaqN_anno=2022&_it_gov_mef_opendata_portlet_NoipaOpendataPortlet_INSTANCE_k0QJbYynlaqN_formato=RDF&_it_gov_mef_opendata_portlet_NoipaOpendataPortlet_INSTANCE_k0QJbYynlaqN_mese=12&_it_gov_mef_opendata_portlet_NoipaOpendataPortlet_INSTANCE_k0QJbYynlaqN_id=EntryAssegniFamiliari&_it_gov_mef_opendata_portlet_NoipaOpendataPortlet_INSTANCE_k0QJbYynlaqN_id=EntryAssegniFamiliari&_it_gov_mef_opendata_portlet_NoipaOpendataPortlet_INSTANCE_k0QJbYynlaqN_jspPage=%2Fdettaglio%2FdettaglioDataSet.jsp&p_p_lifecycle=1&_it_gov_mef_opendata_portlet_NoipaOpendataPortlet_INSTANCE_k0QJbYynlaqN_javax.portlet.action=getDettaglio', 'https://dati-noipa.mef.gov.it/cl/web/open-data/dataset?p_p_id=it_gov_mef_opendata_portlet_NoipaOpendataPortlet_INSTANCE_k0QJbYynlaqN&p_p_lifecycle=2&p_p_state=normal&p_p_mode=view&p_p_cacheability=cacheLevelPage&_it_gov_mef_opendata_portlet_NoipaOpendataPortlet_INSTANCE_k0QJbYynlaqN_anno=2025&_it_gov_mef_opendata_portlet_NoipaOpendataPortlet_INSTANCE_k0QJbYynlaqN_formato=CSV&_it_gov_mef_opendata_portlet_NoipaOpendataPortlet_INSTANCE_k0QJbYynlaqN_mese=04&_it_gov_mef_opendata_portlet_NoipaOpendataPortlet_INSTANCE_k0QJbYynlaqN_id=EntryAssenzeContabilizzate&_it_gov_mef_opendata_portlet_NoipaOpendataPortlet_INSTANCE_k0QJbYynlaqN_id=EntryAssenzeContabilizzate&_it_gov_mef_opendata_portlet_NoipaOpendataPortlet_INSTANCE_k0QJbYynlaqN_jspPage=%2Fdettaglio%2FdettaglioDataSet.jsp&', 'https://dati-noipa.mef.gov.it/cl/web/open-data/dataset?p_p_id=it_gov_mef_opendata_portlet_NoipaOpendataPortlet_INSTANCE_k0QJbYynlaqN&p_p_lifecycle=2&p_p_state=normal&p_p_mode=view&p_p_cacheability=cacheLevelPage&_it_gov_mef_opendata_portlet_NoipaOpendataPortlet_INSTANCE_k0QJbYynlaqN_anno=2025&_it_gov_mef_opendata_portlet_NoipaOpendataPortlet_INSTANCE_k0QJbYynlaqN_formato=RDF&_it_gov_mef_opendata_portlet_NoipaOpendataPortlet_INSTANCE_k0QJbYynlaqN_mese=04&_it_gov_mef_opendata_portlet_NoipaOpendataPortlet_INSTANCE_k0QJbYynlaqN_id=EntryAssenzeContabilizzate&_it_gov_mef_opendata_portlet_NoipaOpendataPortlet_INSTANCE_k0QJbYynlaqN_id=EntryAssenzeContabilizzate&_it_gov_mef_opendata_portlet_NoipaOpendataPortlet_INSTANCE_k0QJbYynlaqN_jspPage=%2Fdettaglio%2FdettaglioDataSet.jsp&', 'https://dati-noipa.mef.gov.it/cl/web/open-data/dataset?p_p_id=it_gov_mef_opendata_portlet_NoipaOpendataPortlet_INSTANCE_k0QJbYynlaqN&p_p_lifecycle=2&p_p_state=normal&p_p_mode=view&p_p_cacheability=cacheLevelPage&_it_gov_mef_opendata_portlet_NoipaOpendataPortlet_INSTANCE_k0QJbYynlaqN_anno=2025&_it_gov_mef_opendata_portlet_NoipaOpendataPortlet_INSTANCE_k0QJbYynlaqN_formato=CSV&_it_gov_mef_opendata_portlet_NoipaOpendataPortlet_INSTANCE_k0QJbYynlaqN_mese=04&_it_gov_mef_opendata_portlet_NoipaOpendataPortlet_INSTANCE_k0QJbYynlaqN_id=EntryCedolinoRitenuteFiscali&_it_gov_mef_opendata_portlet_NoipaOpendataPortlet_INSTANCE_k0QJbYynlaqN_id=EntryCedolinoRitenuteFiscali&_it_gov_mef_opendata_portlet_NoipaOpendataPortlet_INSTANCE_k0QJbYynlaqN_jspPage=%2Fdettaglio%2FdettaglioDataSet.jsp&', 'https://dati-noipa.mef.gov.it/cl/web/open-data/dataset?p_p_id=it_gov_mef_opendata_portlet_NoipaOpendataPortlet_INSTANCE_k0QJbYynlaqN&p_p_lifecycle=2&p_p_state=normal&p_p_mode=view&p_p_cacheability=cacheLevelPage&_it_gov_mef_opendata_portlet_NoipaOpendataPortlet_INSTANCE_k0QJbYynlaqN_anno=2025&_it_gov_mef_opendata_portlet_NoipaOpendataPortlet_INSTANCE_k0QJbYynlaqN_formato=RDF&_it_gov_mef_opendata_portlet_NoipaOpendataPortlet_INSTANCE_k0QJbYynlaqN_mese=04&_it_gov_mef_opendata_portlet_NoipaOpendataPortlet_INSTANCE_k0QJbYynlaqN_id=EntryCedolinoRitenuteFiscali&_it_gov_mef_opendata_portlet_NoipaOpendataPortlet_INSTANCE_k0QJbYynlaqN_id=EntryCedolinoRitenuteFiscali&_it_gov_mef_opendata_portlet_NoipaOpendataPortlet_INSTANCE_k0QJbYynlaqN_jspPage=%2Fdettaglio%2FdettaglioDataSet.jsp&', 'https://dati-noipa.mef.gov.it/cl/web/open-data/dataset?p_p_id=it_gov_mef_opendata_portlet_NoipaOpendataPortlet_INSTANCE_k0QJbYynlaqN&p_p_lifecycle=2&p_p_state=normal&p_p_mode=view&p_p_cacheability=cacheLevelPage&_it_gov_mef_opendata_portlet_NoipaOpendataPortlet_INSTANCE_k0QJbYynlaqN_anno=2025&_it_gov_mef_opendata_portlet_NoipaOpendataPortlet_INSTANCE_k0QJbYynlaqN_formato=CSV&_it_gov_mef_opendata_portlet_NoipaOpendataPortlet_INSTANCE_k0QJbYynlaqN_mese=04&_it_gov_mef_opendata_portlet_NoipaOpendataPortlet_INSTANCE_k0QJbYynlaqN_id=EntryCedolinoRitenutePrevidenziali&_it_gov_mef_opendata_portlet_NoipaOpendataPortlet_INSTANCE_k0QJbYynlaqN_id=EntryCedolinoRitenutePrevidenziali&_it_gov_mef_opendata_portlet_NoipaOpendataPortlet_INSTANCE_k0QJbYynlaqN_jspPage=%2Fdettaglio%2FdettaglioDataSet.jsp&', 'https://dati-noipa.mef.gov.it/cl/web/open-data/dataset?p_p_id=it_gov_mef_opendata_portlet_NoipaOpendataPortlet_INSTANCE_k0QJbYynlaqN&p_p_lifecycle=2&p_p_state=normal&p_p_mode=view&p_p_cacheability=cacheLevelPage&_it_gov_mef_opendata_portlet_NoipaOpendataPortlet_INSTANCE_k0QJbYynlaqN_anno=2025&_it_gov_mef_opendata_portlet_NoipaOpendataPortlet_INSTANCE_k0QJbYynlaqN_formato=RDF&_it_gov_mef_opendata_portlet_NoipaOpendataPortlet_INSTANCE_k0QJbYynlaqN_mese=04&_it_gov_mef_opendata_portlet_NoipaOpendataPortlet_INSTANCE_k0QJbYynlaqN_id=EntryCedolinoRitenutePrevidenziali&_it_gov_mef_opendata_portlet_NoipaOpendataPortlet_INSTANCE_k0QJbYynlaqN_id=EntryCedolinoRitenutePrevidenziali&_it_gov_mef_opendata_portlet_NoipaOpendataPortlet_INSTANCE_k0QJbYynlaqN_jspPage=%2Fdettaglio%2FdettaglioDataSet.jsp&', 'https://dati-noipa.mef.gov.it/cl/web/open-data/dataset?p_p_id=it_gov_mef_opendata_portlet_NoipaOpendataPortlet_INSTANCE_k0QJbYynlaqN&p_p_lifecycle=2&p_p_state=normal&p_p_mode=view&p_p_cacheability=cacheLevelPage&_it_gov_mef_opendata_portlet_NoipaOpendataPortlet_INSTANCE_k0QJbYynlaqN_anno=2025&_it_gov_mef_opendata_portlet_NoipaOpendataPortlet_INSTANCE_k0QJbYynlaqN_formato=CSV&_it_gov_mef_opendata_portlet_NoipaOpendataPortlet_INSTANCE_k0QJbYynlaqN_mese=04&_it_gov_mef_opendata_portlet_NoipaOpendataPortlet_INSTANCE_k0QJbYynlaqN_id=EntryContrattiGestiti&_it_gov_mef_opendata_portlet_NoipaOpendataPortlet_INSTANCE_k0QJbYynlaqN_id=EntryContrattiGestiti&_it_gov_mef_opendata_portlet_NoipaOpendataPortlet_INSTANCE_k0QJbYynlaqN_jspPage=%2Fdettaglio%2FdettaglioDataSet.jsp&', 'https://dati-noipa.mef.gov.it/cl/web/open-data/dataset?p_p_id=it_gov_mef_opendata_portlet_NoipaOpendataPortlet_INSTANCE_k0QJbYynlaqN&p_p_lifecycle=2&p_p_state=normal&p_p_mode=view&p_p_cacheability=cacheLevelPage&_it_gov_mef_opendata_portlet_NoipaOpendataPortlet_INSTANCE_k0QJbYynlaqN_anno=2025&_it_gov_mef_opendata_portlet_NoipaOpendataPortlet_INSTANCE_k0QJbYynlaqN_formato=RDF&_it_gov_mef_opendata_portlet_NoipaOpendataPortlet_INSTANCE_k0QJbYynlaqN_mese=04&_it_gov_mef_opendata_portlet_NoipaOpendataPortlet_INSTANCE_k0QJbYynlaqN_id=EntryContrattiGestiti&_it_gov_mef_opendata_portlet_NoipaOpendataPortlet_INSTANCE_k0QJbYynlaqN_id=EntryContrattiGestiti&_it_gov_mef_opendata_portlet_NoipaOpendataPortlet_INSTANCE_k0QJbYynlaqN_jspPage=%2Fdettaglio%2FdettaglioDataSet.jsp&', 'https://dati-noipa.mef.gov.it/cl/web/open-data/dataset?p_p_id=it_gov_mef_opendata_portlet_NoipaOpendataPortlet_INSTANCE_k0QJbYynlaqN&p_p_lifecycle=2&p_p_state=normal&p_p_mode=view&p_p_cacheability=cacheLevelPage&_it_gov_mef_opendata_portlet_NoipaOpendataPortlet_INSTANCE_k0QJbYynlaqN_anno=2025&_it_gov_mef_opendata_portlet_NoipaOpendataPortlet_INSTANCE_k0QJbYynlaqN_formato=CSV&_it_gov_mef_opendata_portlet_NoipaOpendataPortlet_INSTANCE_k0QJbYynlaqN_mese=04&_it_gov_mef_opendata_portlet_NoipaOpendataPortlet_INSTANCE_k0QJbYynlaqN_id=EntryDetrazioniFamiliari&_it_gov_mef_opendata_portlet_NoipaOpendataPortlet_INSTANCE_k0QJbYynlaqN_id=EntryDetrazioniFamiliari&_it_gov_mef_opendata_portlet_NoipaOpendataPortlet_INSTANCE_k0QJbYynlaqN_jspPage=%2Fdettaglio%2FdettaglioDataSet.jsp&', 'https://dati-noipa.mef.gov.it/cl/web/open-data/dataset?p_p_id=it_gov_mef_opendata_portlet_NoipaOpendataPortlet_INSTANCE_k0QJbYynlaqN&p_p_lifecycle=2&p_p_state=normal&p_p_mode=view&p_p_cacheability=cacheLevelPage&_it_gov_mef_opendata_portlet_NoipaOpendataPortlet_INSTANCE_k0QJbYynlaqN_anno=2025&_it_gov_mef_opendata_portlet_NoipaOpendataPortlet_INSTANCE_k0QJbYynlaqN_formato=RDF&_it_gov_mef_opendata_portlet_NoipaOpendataPortlet_INSTANCE_k0QJbYynlaqN_mese=04&_it_gov_mef_opendata_portlet_NoipaOpendataPortlet_INSTANCE_k0QJbYynlaqN_id=EntryDetrazioniFamiliari&_it_gov_mef_opendata_portlet_NoipaOpendataPortlet_INSTANCE_k0QJbYynlaqN_id=EntryDetrazioniFamiliari&_it_gov_mef_opendata_portlet_NoipaOpendataPortlet_INSTANCE_k0QJbYynlaqN_jspPage=%2Fdettaglio%2FdettaglioDataSet.jsp&', 'https://dati-noipa.mef.gov.it/cl/web/open-data/dataset?p_p_id=it_gov_mef_opendata_portlet_NoipaOpendataPortlet_INSTANCE_k0QJbYynlaqN&p_p_lifecycle=2&p_p_state=normal&p_p_mode=view&p_p_cacheability=cacheLevelPage&_it_gov_mef_opendata_portlet_NoipaOpendataPortlet_INSTANCE_k0QJbYynlaqN_anno=2025&_it_gov_mef_opendata_portlet_NoipaOpendataPortlet_INSTANCE_k0QJbYynlaqN_formato=CSV&_it_gov_mef_opendata_portlet_NoipaOpendataPortlet_INSTANCE_k0QJbYynlaqN_mese=04&_it_gov_mef_opendata_portlet_NoipaOpendataPortlet_INSTANCE_k0QJbYynlaqN_id=EntryInquadramenti&_it_gov_mef_opendata_portlet_NoipaOpendataPortlet_INSTANCE_k0QJbYynlaqN_id=EntryInquadramenti&_it_gov_mef_opendata_portlet_NoipaOpendataPortlet_INSTANCE_k0QJbYynlaqN_jspPage=%2Fdettaglio%2FdettaglioDataSet.jsp&', 'https://dati-noipa.mef.gov.it/cl/web/open-data/dataset?p_p_id=it_gov_mef_opendata_portlet_NoipaOpendataPortlet_INSTANCE_k0QJbYynlaqN&p_p_lifecycle=2&p_p_state=normal&p_p_mode=view&p_p_cacheability=cacheLevelPage&_it_gov_mef_opendata_portlet_NoipaOpendataPortlet_INSTANCE_k0QJbYynlaqN_anno=2025&_it_gov_mef_opendata_portlet_NoipaOpendataPortlet_INSTANCE_k0QJbYynlaqN_formato=RDF&_it_gov_mef_opendata_portlet_NoipaOpendataPortlet_INSTANCE_k0QJbYynlaqN_mese=04&_it_gov_mef_opendata_portlet_NoipaOpendataPortlet_INSTANCE_k0QJbYynlaqN_id=EntryInquadramenti&_it_gov_mef_opendata_portlet_NoipaOpendataPortlet_INSTANCE_k0QJbYynlaqN_id=EntryInquadramenti&_it_gov_mef_opendata_portlet_NoipaOpendataPortlet_INSTANCE_k0QJbYynlaqN_jspPage=%2Fdettaglio%2FdettaglioDataSet.jsp&', 'https://dati-noipa.mef.gov.it/cl/web/open-data/dataset?p_p_id=it_gov_mef_opendata_portlet_NoipaOpendataPortlet_INSTANCE_k0QJbYynlaqN&p_p_lifecycle=2&p_p_state=normal&p_p_mode=view&p_p_cacheability=cacheLevelPage&_it_gov_mef_opendata_portlet_NoipaOpendataPortlet_INSTANCE_k0QJbYynlaqN_anno=2025&_it_gov_mef_opendata_portlet_NoipaOpendataPortlet_INSTANCE_k0QJbYynlaqN_formato=CSV&_it_gov_mef_opendata_portlet_NoipaOpendataPortlet_INSTANCE_k0QJbYynlaqN_mese=04&_it_gov_mef_opendata_portlet_NoipaOpendataPortlet_INSTANCE_k0QJbYynlaqN_id=EntryMotivoAssunzione&_it_gov_mef_opendata_portlet_NoipaOpendataPortlet_INSTANCE_k0QJbYynlaqN_id=EntryMotivoAssunzione&_it_gov_mef_opendata_portlet_NoipaOpendataPortlet_INSTANCE_k0QJbYynlaqN_jspPage=%2Fdettaglio%2FdettaglioDataSet.jsp&', 'https://dati-noipa.mef.gov.it/cl/web/open-data/dataset?p_p_id=it_gov_mef_opendata_portlet_NoipaOpendataPortlet_INSTANCE_k0QJbYynlaqN&p_p_lifecycle=2&p_p_state=normal&p_p_mode=view&p_p_cacheability=cacheLevelPage&_it_gov_mef_opendata_portlet_NoipaOpendataPortlet_INSTANCE_k0QJbYynlaqN_anno=2025&_it_gov_mef_opendata_portlet_NoipaOpendataPortlet_INSTANCE_k0QJbYynlaqN_formato=RDF&_it_gov_mef_opendata_portlet_NoipaOpendataPortlet_INSTANCE_k0QJbYynlaqN_mese=04&_it_gov_mef_opendata_portlet_NoipaOpendataPortlet_INSTANCE_k0QJbYynlaqN_id=EntryMotivoAssunzione&_it_gov_mef_opendata_portlet_NoipaOpendataPortlet_INSTANCE_k0QJbYynlaqN_id=EntryMotivoAssunzione&_it_gov_mef_opendata_portlet_NoipaOpendataPortlet_INSTANCE_k0QJbYynlaqN_jspPage=%2Fdettaglio%2FdettaglioDataSet.jsp&', 'https://dati-noipa.mef.gov.it/cl/web/open-data/dataset?p_p_id=it_gov_mef_opendata_portlet_NoipaOpendataPortlet_INSTANCE_k0QJbYynlaqN&p_p_lifecycle=2&p_p_state=normal&p_p_mode=view&p_p_cacheability=cacheLevelPage&_it_gov_mef_opendata_portlet_NoipaOpendataPortlet_INSTANCE_k0QJbYynlaqN_anno=2025&_it_gov_mef_opendata_portlet_NoipaOpendataPortlet_INSTANCE_k0QJbYynlaqN_formato=CSV&_it_gov_mef_opendata_portlet_NoipaOpendataPortlet_INSTANCE_k0QJbYynlaqN_mese=04&_it_gov_mef_opendata_portlet_NoipaOpendataPortlet_INSTANCE_k0QJbYynlaqN_id=EntryMotivoCessazione&_it_gov_mef_opendata_portlet_NoipaOpendataPortlet_INSTANCE_k0QJbYynlaqN_id=EntryMotivoCessazione&_it_gov_mef_opendata_portlet_NoipaOpendataPortlet_INSTANCE_k0QJbYynlaqN_jspPage=%2Fdettaglio%2FdettaglioDataSet.jsp&', 'https://dati-noipa.mef.gov.it/cl/web/open-data/dataset?p_p_id=it_gov_mef_opendata_portlet_NoipaOpendataPortlet_INSTANCE_k0QJbYynlaqN&p_p_lifecycle=2&p_p_state=normal&p_p_mode=view&p_p_cacheability=cacheLevelPage&_it_gov_mef_opendata_portlet_NoipaOpendataPortlet_INSTANCE_k0QJbYynlaqN_anno=2025&_it_gov_mef_opendata_portlet_NoipaOpendataPortlet_INSTANCE_k0QJbYynlaqN_formato=RDF&_it_gov_mef_opendata_portlet_NoipaOpendataPortlet_INSTANCE_k0QJbYynlaqN_mese=04&_it_gov_mef_opendata_portlet_NoipaOpendataPortlet_INSTANCE_k0QJbYynlaqN_id=EntryMotivoCessazione&_it_gov_mef_opendata_portlet_NoipaOpendataPortlet_INSTANCE_k0QJbYynlaqN_id=EntryMotivoCessazione&_it_gov_mef_opendata_portlet_NoipaOpendataPortlet_INSTANCE_k0QJbYynlaqN_jspPage=%2Fdettaglio%2FdettaglioDataSet.jsp&', 'https://dati-noipa.mef.gov.it/cl/web/open-data/dataset?p_p_id=it_gov_mef_opendata_portlet_NoipaOpendataPortlet_INSTANCE_k0QJbYynlaqN&p_p_lifecycle=2&p_p_state=normal&p_p_mode=view&p_p_cacheability=cacheLevelPage&_it_gov_mef_opendata_portlet_NoipaOpendataPortlet_INSTANCE_k0QJbYynlaqN_anno=2025&_it_gov_mef_opendata_portlet_NoipaOpendataPortlet_INSTANCE_k0QJbYynlaqN_formato=CSV&_it_gov_mef_opendata_portlet_NoipaOpendataPortlet_INSTANCE_k0QJbYynlaqN_mese=04&_it_gov_mef_opendata_portlet_NoipaOpendataPortlet_INSTANCE_k0QJbYynlaqN_id=EntryResidenti&_it_gov_mef_opendata_portlet_NoipaOpendataPortlet_INSTANCE_k0QJbYynlaqN_id=EntryResidenti&_it_gov_mef_opendata_portlet_NoipaOpendataPortlet_INSTANCE_k0QJbYynlaqN_jspPage=%2Fdettaglio%2FdettaglioDataSet.jsp&', 'https://dati-noipa.mef.gov.it/cl/web/open-data/dataset?p_p_id=it_gov_mef_opendata_portlet_NoipaOpendataPortlet_INSTANCE_k0QJbYynlaqN&p_p_lifecycle=2&p_p_state=normal&p_p_mode=view&p_p_cacheability=cacheLevelPage&_it_gov_mef_opendata_portlet_NoipaOpendataPortlet_INSTANCE_k0QJbYynlaqN_anno=2025&_it_gov_mef_opendata_portlet_NoipaOpendataPortlet_INSTANCE_k0QJbYynlaqN_formato=RDF&_it_gov_mef_opendata_portlet_NoipaOpendataPortlet_INSTANCE_k0QJbYynlaqN_mese=04&_it_gov_mef_opendata_portlet_NoipaOpendataPortlet_INSTANCE_k0QJbYynlaqN_id=EntryResidenti&_it_gov_mef_opendata_portlet_NoipaOpendataPortlet_INSTANCE_k0QJbYynlaqN_id=EntryResidenti&_it_gov_mef_opendata_portlet_NoipaOpendataPortlet_INSTANCE_k0QJbYynlaqN_jspPage=%2Fdettaglio%2FdettaglioDataSet.jsp&', 'https://dati-noipa.mef.gov.it/cl/web/open-data/dataset?p_p_id=it_gov_mef_opendata_portlet_NoipaOpendataPortlet_INSTANCE_k0QJbYynlaqN&p_p_lifecycle=2&p_p_state=normal&p_p_mode=view&p_p_cacheability=cacheLevelPage&_it_gov_mef_opendata_portlet_NoipaOpendataPortlet_INSTANCE_k0QJbYynlaqN_anno=2025&_it_gov_mef_opendata_portlet_NoipaOpendataPortlet_INSTANCE_k0QJbYynlaqN_formato=CSV&_it_gov_mef_opendata_portlet_NoipaOpendataPortlet_INSTANCE_k0QJbYynlaqN_mese=04&_it_gov_mef_opendata_portlet_NoipaOpendataPortlet_INSTANCE_k0QJbYynlaqN_id=EntryRitenutePrestiti&_it_gov_mef_opendata_portlet_NoipaOpendataPortlet_INSTANCE_k0QJbYynlaqN_id=EntryRitenutePrestiti&_it_gov_mef_opendata_portlet_NoipaOpendataPortlet_INSTANCE_k0QJbYynlaqN_jspPage=%2Fdettaglio%2FdettaglioDataSet.jsp&', 'https://dati-noipa.mef.gov.it/cl/web/open-data/dataset?p_p_id=it_gov_mef_opendata_portlet_NoipaOpendataPortlet_INSTANCE_k0QJbYynlaqN&p_p_lifecycle=2&p_p_state=normal&p_p_mode=view&p_p_cacheability=cacheLevelPage&_it_gov_mef_opendata_portlet_NoipaOpendataPortlet_INSTANCE_k0QJbYynlaqN_anno=2025&_it_gov_mef_opendata_portlet_NoipaOpendataPortlet_INSTANCE_k0QJbYynlaqN_formato=RDF&_it_gov_mef_opendata_portlet_NoipaOpendataPortlet_INSTANCE_k0QJbYynlaqN_mese=04&_it_gov_mef_opendata_portlet_NoipaOpendataPortlet_INSTANCE_k0QJbYynlaqN_id=EntryRitenutePrestiti&_it_gov_mef_opendata_portlet_NoipaOpendataPortlet_INSTANCE_k0QJbYynlaqN_id=EntryRitenutePrestiti&_it_gov_mef_opendata_portlet_NoipaOpendataPortlet_INSTANCE_k0QJbYynlaqN_jspPage=%2Fdettaglio%2FdettaglioDataSet.jsp&', 'https://dati-noipa.mef.gov.it/cl/web/open-data/dataset?p_p_id=it_gov_mef_opendata_portlet_NoipaOpendataPortlet_INSTANCE_k0QJbYynlaqN&p_p_lifecycle=2&p_p_state=normal&p_p_mode=view&p_p_cacheability=cacheLevelPage&_it_gov_mef_opendata_portlet_NoipaOpendataPortlet_INSTANCE_k0QJbYynlaqN_anno=2025&_it_gov_mef_opendata_portlet_NoipaOpendataPortlet_INSTANCE_k0QJbYynlaqN_formato=CSV&_it_gov_mef_opendata_portlet_NoipaOpendataPortlet_INSTANCE_k0QJbYynlaqN_mese=04&_it_gov_mef_opendata_portlet_NoipaOpendataPortlet_INSTANCE_k0QJbYynlaqN_id=EntryStrutturaOrganizzativa&_it_gov_mef_opendata_portlet_NoipaOpendataPortlet_INSTANCE_k0QJbYynlaqN_id=EntryStrutturaOrganizzativa&_it_gov_mef_opendata_portlet_NoipaOpendataPortlet_INSTANCE_k0QJbYynlaqN_jspPage=%2Fdettaglio%2FdettaglioDataSet.jsp&', 'https://dati-noipa.mef.gov.it/cl/web/open-data/dataset?p_p_id=it_gov_mef_opendata_portlet_NoipaOpendataPortlet_INSTANCE_k0QJbYynlaqN&p_p_lifecycle=2&p_p_state=normal&p_p_mode=view&p_p_cacheability=cacheLevelPage&_it_gov_mef_opendata_portlet_NoipaOpendataPortlet_INSTANCE_k0QJbYynlaqN_anno=2025&_it_gov_mef_opendata_portlet_NoipaOpendataPortlet_INSTANCE_k0QJbYynlaqN_formato=RDF&_it_gov_mef_opendata_portlet_NoipaOpendataPortlet_INSTANCE_k0QJbYynlaqN_mese=04&_it_gov_mef_opendata_portlet_NoipaOpendataPortlet_INSTANCE_k0QJbYynlaqN_id=EntryStrutturaOrganizzativa&_it_gov_mef_opendata_portlet_NoipaOpendataPortlet_INSTANCE_k0QJbYynlaqN_id=EntryStrutturaOrganizzativa&_it_gov_mef_opendata_portlet_NoipaOpendataPortlet_INSTANCE_k0QJbYynlaqN_jspPage=%2Fdettaglio%2FdettaglioDataSet.jsp&', 'https://dati-noipa.mef.gov.it/cl/web/open-data/dataset?p_p_id=it_gov_mef_opendata_portlet_NoipaOpendataPortlet_INSTANCE_k0QJbYynlaqN&p_p_lifecycle=2&p_p_state=normal&p_p_mode=view&p_p_cacheability=cacheLevelPage&_it_gov_mef_opendata_portlet_NoipaOpendataPortlet_INSTANCE_k0QJbYynlaqN_anno=2025&_it_gov_mef_opendata_portlet_NoipaOpendataPortlet_INSTANCE_k0QJbYynlaqN_formato=CSV&_it_gov_mef_opendata_portlet_NoipaOpendataPortlet_INSTANCE_k0QJbYynlaqN_mese=04&_it_gov_mef_opendata_portlet_NoipaOpendataPortlet_INSTANCE_k0QJbYynlaqN_id=EntryPendolarismo&_it_gov_mef_opendata_portlet_NoipaOpendataPortlet_INSTANCE_k0QJbYynlaqN_id=EntryPendolarismo&_it_gov_mef_opendata_portlet_NoipaOpendataPortlet_INSTANCE_k0QJbYynlaqN_jspPage=%2Fdettaglio%2FdettaglioDataSet.jsp&', 'https://dati-noipa.mef.gov.it/cl/web/open-data/dataset?p_p_id=it_gov_mef_opendata_portlet_NoipaOpendataPortlet_INSTANCE_k0QJbYynlaqN&p_p_lifecycle=2&p_p_state=normal&p_p_mode=view&p_p_cacheability=cacheLevelPage&_it_gov_mef_opendata_portlet_NoipaOpendataPortlet_INSTANCE_k0QJbYynlaqN_anno=2025&_it_gov_mef_opendata_portlet_NoipaOpendataPortlet_INSTANCE_k0QJbYynlaqN_formato=RDF&_it_gov_mef_opendata_portlet_NoipaOpendataPortlet_INSTANCE_k0QJbYynlaqN_mese=04&_it_gov_mef_opendata_portlet_NoipaOpendataPortlet_INSTANCE_k0QJbYynlaqN_id=EntryPendolarismo&_it_gov_mef_opendata_portlet_NoipaOpendataPortlet_INSTANCE_k0QJbYynlaqN_id=EntryPendolarismo&_it_gov_mef_opendata_portlet_NoipaOpendataPortlet_INSTANCE_k0QJbYynlaqN_jspPage=%2Fdettaglio%2FdettaglioDataSet.jsp&', 'https://dati-noipa.mef.gov.it/cl/web/open-data/dataset?p_p_id=it_gov_mef_opendata_portlet_NoipaOpendataPortlet_INSTANCE_k0QJbYynlaqN&p_p_lifecycle=2&p_p_state=normal&p_p_mode=view&p_p_cacheability=cacheLevelPage&_it_gov_mef_opendata_portlet_NoipaOpendataPortlet_INSTANCE_k0QJbYynlaqN_anno=2024&_it_gov_mef_opendata_portlet_NoipaOpendataPortlet_INSTANCE_k0QJbYynlaqN_formato=CSV&_it_gov_mef_opendata_portlet_NoipaOpendataPortlet_INSTANCE_k0QJbYynlaqN_mese=09&_it_gov_mef_opendata_portlet_NoipaOpendataPortlet_INSTANCE_k0QJbYynlaqN_id=EntryCertificazioniUniche&_it_gov_mef_opendata_portlet_NoipaOpendataPortlet_INSTANCE_k0QJbYynlaqN_id=EntryCertificazioniUniche&_it_gov_mef_opendata_portlet_NoipaOpendataPortlet_INSTANCE_k0QJbYynlaqN_jspPage=%2Fdettaglio%2FdettaglioDataSet.jsp&', 'https://dati-noipa.mef.gov.it/cl/web/open-data/dataset?p_p_id=it_gov_mef_opendata_portlet_NoipaOpendataPortlet_INSTANCE_k0QJbYynlaqN&p_p_lifecycle=2&p_p_state=normal&p_p_mode=view&p_p_cacheability=cacheLevelPage&_it_gov_mef_opendata_portlet_NoipaOpendataPortlet_INSTANCE_k0QJbYynlaqN_anno=2024&_it_gov_mef_opendata_portlet_NoipaOpendataPortlet_INSTANCE_k0QJbYynlaqN_formato=RDF&_it_gov_mef_opendata_portlet_NoipaOpendataPortlet_INSTANCE_k0QJbYynlaqN_mese=09&_it_gov_mef_opendata_portlet_NoipaOpendataPortlet_INSTANCE_k0QJbYynlaqN_id=EntryCertificazioniUniche&_it_gov_mef_opendata_portlet_NoipaOpendataPortlet_INSTANCE_k0QJbYynlaqN_id=EntryCertificazioniUniche&_it_gov_mef_opendata_portlet_NoipaOpendataPortlet_INSTANCE_k0QJbYynlaqN_jspPage=%2Fdettaglio%2FdettaglioDataSet.jsp&', 'https://dati-noipa.mef.gov.it/cl/web/open-data/dataset?p_p_id=it_gov_mef_opendata_portlet_NoipaOpendataPortlet_INSTANCE_k0QJbYynlaqN&p_p_lifecycle=2&p_p_state=normal&p_p_mode=view&p_p_cacheability=cacheLevelPage&_it_gov_mef_opendata_portlet_NoipaOpendataPortlet_INSTANCE_k0QJbYynlaqN_anno=2025&_it_gov_mef_opendata_portlet_NoipaOpendataPortlet_INSTANCE_k0QJbYynlaqN_formato=CSV&_it_gov_mef_opendata_portlet_NoipaOpendataPortlet_INSTANCE_k0QJbYynlaqN_mese=04&_it_gov_mef_opendata_portlet_NoipaOpendataPortlet_INSTANCE_k0QJbYynlaqN_id=EntryAccessoAmministrati&_it_gov_mef_opendata_portlet_NoipaOpendataPortlet_INSTANCE_k0QJbYynlaqN_id=EntryAccessoAmministrati&_it_gov_mef_opendata_portlet_NoipaOpendataPortlet_INSTANCE_k0QJbYynlaqN_jspPage=%2Fdettaglio%2FdettaglioDataSet.jsp&', 'https://dati-noipa.mef.gov.it/cl/web/open-data/dataset?p_p_id=it_gov_mef_opendata_portlet_NoipaOpendataPortlet_INSTANCE_k0QJbYynlaqN&p_p_lifecycle=2&p_p_state=normal&p_p_mode=view&p_p_cacheability=cacheLevelPage&_it_gov_mef_opendata_portlet_NoipaOpendataPortlet_INSTANCE_k0QJbYynlaqN_anno=2025&_it_gov_mef_opendata_portlet_NoipaOpendataPortlet_INSTANCE_k0QJbYynlaqN_formato=RDF&_it_gov_mef_opendata_portlet_NoipaOpendataPortlet_INSTANCE_k0QJbYynlaqN_mese=04&_it_gov_mef_opendata_portlet_NoipaOpendataPortlet_INSTANCE_k0QJbYynlaqN_id=EntryAccessoAmministrati&_it_gov_mef_opendata_portlet_NoipaOpendataPortlet_INSTANCE_k0QJbYynlaqN_id=EntryAccessoAmministrati&_it_gov_mef_opendata_portlet_NoipaOpendataPortlet_INSTANCE_k0QJbYynlaqN_jspPage=%2Fdettaglio%2FdettaglioDataSet.jsp&', 'https://dati-noipa.mef.gov.it/cl/web/open-data/dataset?p_p_id=it_gov_mef_opendata_portlet_NoipaOpendataPortlet_INSTANCE_k0QJbYynlaqN&p_p_lifecycle=2&p_p_state=normal&p_p_mode=view&p_p_cacheability=cacheLevelPage&_it_gov_mef_opendata_portlet_NoipaOpendataPortlet_INSTANCE_k0QJbYynlaqN_anno=2025&_it_gov_mef_opendata_portlet_NoipaOpendataPortlet_INSTANCE_k0QJbYynlaqN_formato=CSV&_it_gov_mef_opendata_portlet_NoipaOpendataPortlet_INSTANCE_k0QJbYynlaqN_mese=04&_it_gov_mef_opendata_portlet_NoipaOpendataPortlet_INSTANCE_k0QJbYynlaqN_id=EntryAmministratiPerFasciaDiReddito&_it_gov_mef_opendata_portlet_NoipaOpendataPortlet_INSTANCE_k0QJbYynlaqN_id=EntryAmministratiPerFasciaDiReddito&_it_gov_mef_opendata_portlet_NoipaOpendataPortlet_INSTANCE_k0QJbYynlaqN_jspPage=%2Fdettaglio%2FdettaglioDataSet.jsp&', 'https://dati-noipa.mef.gov.it/cl/web/open-data/dataset?p_p_id=it_gov_mef_opendata_portlet_NoipaOpendataPortlet_INSTANCE_k0QJbYynlaqN&p_p_lifecycle=2&p_p_state=normal&p_p_mode=view&p_p_cacheability=cacheLevelPage&_it_gov_mef_opendata_portlet_NoipaOpendataPortlet_INSTANCE_k0QJbYynlaqN_anno=2025&_it_gov_mef_opendata_portlet_NoipaOpendataPortlet_INSTANCE_k0QJbYynlaqN_formato=RDF&_it_gov_mef_opendata_portlet_NoipaOpendataPortlet_INSTANCE_k0QJbYynlaqN_mese=04&_it_gov_mef_opendata_portlet_NoipaOpendataPortlet_INSTANCE_k0QJbYynlaqN_id=EntryAmministratiPerFasciaDiReddito&_it_gov_mef_opendata_portlet_NoipaOpendataPortlet_INSTANCE_k0QJbYynlaqN_id=EntryAmministratiPerFasciaDiReddito&_it_gov_mef_opendata_portlet_NoipaOpendataPortlet_INSTANCE_k0QJbYynlaqN_jspPage=%2Fdettaglio%2FdettaglioDataSet.jsp&']",-,2025-05-05,-,-,absent,[],False,-1,False,False,"81,6179 (out of 10000 triples considered)","51,321739130434786 (out of 345 triples considered)","64,97518610421837 (out of 9999 triples considered)",True,https://creativecommons.org/licenses/by-sa/3.0/,http://w3id.org/italia/controlled-vocabulary/licences/A21_CCBY40,-,"0,060","18,0",340000000,419389676,-,-,248,['http://publications.europa.eu/resource/authority/frequency/ANNUAL'],0,0,"0,000",9833,"7,517666516313356e-05","Open Data NoiPA is a project created to make available, transparent and fully usable the extensive information assets managed by the Information and Innovation Systems Department of the Ministry of Economy and Finance.",https://noipa.mef.gov.it,False,"0,75",[],"['https://sparql-noipa.mef.gov.it/metadata/Mef', 'https://sparql-noipa.mef.gov.it/metadata/Mef', 'https://sparql-noipa.mef.gov.it/metadata/Mef', 'https://sparql-noipa.mef.gov.it/metadata/Mef', 'https://sparql-noipa.mef.gov.it/metadata/Mef', 'https://sparql-noipa.mef.gov.it/metadata/Mef', 'https://sparql-noipa.mef.gov.it/metadata/Mef', 'https://sparql-noipa.mef.gov.it/metadata/Mef', 'https://sparql-noipa.mef.gov.it/metadata/Mef', 'https://sparql-noipa.mef.gov.it/metadata/Mef', 'https://sparql-noipa.mef.gov.it/metadata/Mef', 'https://sparql-noipa.mef.gov.it/metadata/Mef', 'https://sparql-noipa.mef.gov.it/metadata/Mef', 'https://sparql-noipa.mef.gov.it/metadata/Mef', 'https://sparql-noipa.mef.gov.it/metadata/Mef', 'https://sparql-noipa.mef.gov.it/metadata/Mef', 'https://sparql-noipa.mef.gov.it/metadata/Mef', 'https://sparql-noipa.mef.gov.it/metadata/Mef', 'https://sparql-noipa.mef.gov.it/metadata/Mef']","Name: absent, email: whitehall.reply@gmail.com",[],['https://sparql-noipa.mef.gov.it/metadata/Mef'],Web:https://noipa.mef.gov.it Name:NoiPA Email:black@email.it,False,0.00,[],"['http://www.openlinksw.com/schemas/virtrdf#QuadMapFormat', 'http://www.openlinksw.com/schemas/virtrdf#QuadStorage', 'http://www.openlinksw.com/schemas/virtrdf#array-of-QuadMapFormat', 'http://www.openlinksw.com/schemas/virtrdf#QuadMap', 'http://www.openlinksw.com/schemas/virtrdf#QuadMapValue', 'http://www.openlinksw.com/schemas/virtrdf#array-of-QuadMapColumn', 'http://www.openlinksw.com/schemas/virtrdf#QuadMapColumn', 'http://www.openlinksw.com/schemas/virtrdf#array-of-QuadMapATable', 'http://www.openlinksw.com/schemas/virtrdf#QuadMapATable', 'http://www.openlinksw.com/schemas/virtrdf#QuadMapFText', 'http://www.openlinksw.com/schemas/virtrdf#array-of-string', 'http://www.openlinksw.com/schemas/virtrdf#array-of-QuadMap', 'https://sparql-noipa.mef.gov.it/ontology/MotivoCessazione', 'https://sparql-noipa.mef.gov.it/ontology/EntryCedolinoRitenuteFiscali', 'https://sparql-noipa.mef.gov.it/ontology/EntryContrattiGestiti', 'https://sparql-noipa.mef.gov.it/ontology/EntryMotivoCessazione', 'https://sparql-noipa.mef.gov.it/ontology/EntryAccreditoStipendi', 'https://sparql-noipa.mef.gov.it/ontology/EntePrevidenziale', 'https://sparql-noipa.mef.gov.it/ontology/EntryCedolinoRitenutePrevidenziali', 'https://sparql-noipa.mef.gov.it/ontology/MotivoAssunzione', 'https://sparql-noipa.mef.gov.it/ontology/EntryMotivoAssunzione', 'https://sparql-noipa.mef.gov.it/ontology/Comparto', 'https://sparql-noipa.mef.gov.it/ontology/EntryAssegniFamiliari', 'https://sparql-noipa.mef.gov.it/ontology/ModalitaPagamento', 'https://sparql-noipa.mef.gov.it/ontology/EntryStrutturaOrganizzativa', 'https://sparql-noipa.mef.gov.it/ontology/MotivoAssenza', 'http://dati.gov.it/onto/dcatapit#Dataset', 'http://dati.gov.it/onto/dcatapit#Distribution', 'http://dati.gov.it/onto/dcatapit#Standard', 'http://w3id.org/italia/onto/cpvapit/Gender', 'http://w3id.org/italia/onto/covapit#LegalStatus', 'https://sparql-noipa.mef.gov.it/ontology/AgeRange', 'https://sparql-noipa.mef.gov.it/ontology/Ente', 'https://sparql-noipa.mef.gov.it/ontology/EntryAmministrati', 'https://sparql-noipa.mef.gov.it/ontology/EntryInquadramenti', 'https://sparql-noipa.mef.gov.it/ontology/EntryResidenti', 'https://sparql-noipa.mef.gov.it/ontology/Place', 'https://sparql-noipa.mef.gov.it/ontology/StatoEstero', 'https://sparql-noipa.mef.gov.it/ontology/UnitaOrganizzativa', 'https://sparql-noipa.mef.gov.it/ontology/Comune', 'https://sparql-noipa.mef.gov.it/ontology/EntryDetrazioniFamiliari', 'https://sparql-noipa.mef.gov.it/ontology/EntryAssenzeContabilizzate', 'https://sparql-noipa.mef.gov.it/ontology/QualificaContrattuale', 'https://sparql-noipa.mef.gov.it/ontology/DatasetInTimeInterval', 'https://sparql-noipa.mef.gov.it/ontology/Provincia', 'https://sparql-noipa.mef.gov.it/ontology/EntryRitenutePrestiti', 'http://dati.gov.it/onto/dcatapit#Catalog', 'http://dati.gov.it/onto/dcatapit#LicenseDocument', 'http://www.w3.org/ns/dcat#Location', 'https://sparql-noipa.mef.gov.it/ontology/EntryRitenuteSindacali', 'https://sparql-noipa.mef.gov.it/ontology/DistanceRange', 'https://sparql-noipa.mef.gov.it/ontology/EntryPendolarismo', 'https://sparql-noipa.mef.gov.it/ontology/EntryCertificazioniUniche', 'http://sparqlprepoduzione-noipa.mef.gov.it/ontology/EntryAmministratiPerFasciaDiReddito', 'https://sparql-noipa.mef.gov.it/ontology/Info', 'https://sparql-noipa.mef.gov.it/ontology/EntryAccessoAmministrati', 'https://sparql-noipa.mef.gov.it/ontology/EntryAmministratiPerFasciaDiReddito']",33815809,[],False,340,1.0,-,0.9999999976155827,1.0,True,1.0,0.9999993919735878,0.9833 (out of 10000 triples considered),1.0 (out of 90 triples considered),1.0,0.9985,1.0,1.0,1.0,0.525,52.476,0.0,0.5,0.5,4.689195067357833e-06,1.0,0.9997,0.3999999995231165,0.99165,0.4983333333333333,7.517666516313356e-06,0.75,0.5,1.0,0.0,0.6666666666666666,0.6686046511627908,0.5000138398797779,0.0201577500205322,0.9999994987907406,0.0,0.5,0,[],No dump available,1,0.0,1,0.56,1,1,0.76,1.0,1,1.0,1,1.0,1,1,0,1,0.75,0,1,0.0,0,0.25,2.76
w3c-wordnet,WordNet 2.0 (W3C),-,,1,-,[],-,-,-,-,{},-,-,1,-,-,-,-,-,-,https://www.apache.org/licenses/LICENSE-2.0,-,-,-,-,710000,-,-,-,-,-,12,"0,197","0,005",-,"0,0005024927958389341","Presents a standard conversion of Princeton WordNet to RDF/OWL. It describes how it was converted and gives examples of how it may be queried for use in Semantic Web applications.

Editors:
Mark van Assem, Vrije Universiteit Amsterdam
Aldo Gangemi, ISTC-CNR, Rome
Guus Schreiber, Vrije Universiteit Amsterdam",http://www.w3.org/TR/wordnet-rdf,False,"0,75",-,-,"Name: absent, email: onelove1h3art@gmail.com",-,-,Web:http://www.w3.org/TR/wordnet-rdf Name:W3C Email:public-swbp-wg@w3.org,-,0.00,-,-,-,-,False,-,-,-,-,-,-,-,-,-,-,-,-,-,-,-,0.121,12.075,-,0.5,0.5,0.0,0.0,0.0,0.0,0.0,0.3316666666666666,5.024927958389342e-05,0.75,0.0,0.0,0.0,0.3333333333333333,0.0,0.0,0.0,0.0,0.0,0.0,-,"['application/rdf+xml', 'application/zip; qs=0.001', '']",True,1,0.0,1,0.78,1,1,0.8,1.0,1,0.0,1,0.75,1,1,1,1,1.0,1,1,0.0,1,0.75,3.3
CIDOC-CRM,CIDOC-CRM,-,,1,-,[],-,-,-,-,absent,-,-,1,-,-,-,-,-,-,False,-,-,-,-,0,-,-,-,-,-,[],{},,-,,"The CIDOC Conceptual Reference Model (CRM) is a theoretical and practical tool for information integration in the field of cultural heritage. It can help researchers, administrators and the public explore complex questions with regards to our past across diverse and dispersed datasets. The CIDOC CRM achieves this by providing definitions and a formal structure for describing the implicit and explicit concepts and relationships used in cultural heritage documentation and of general interest for the querying and exploration of such data. Such models are also known as formal ontologies. These formal descriptions allow the integration of data from multiple sources in a software and schema agnostic fashion.",https://cidoc-crm.org/,False,"0,75",-,-,"Name: absent, email: absent",-,-,Web:https://cidoc-crm.org/ Name: Email:,-,0,-,-,-,-,False,-,-,-,-,-,-,-,-,-,-,-,-,-,-,-,0.096,9.575,-,0.5,0.0,0.0,0.0,0.0,0.0,0.0,0.3316666666666666,0.0,0.75,0.0,0.0,0.0,0.3333333333333333,0.0,0.0,0.0,0.0,0.0,0.0,-,['text/html; charset=UTF-8'],False,1,0.0,1,0.67,1,1,0.78,1.0,0,0.0,1,0.5,0,1,0,1,0.5,0,1,0.0,0,0.25,2.03
